y,kappa_y,r_ab_y
-4.0,-0.35667174968159043,0.7000022359835705
-3.99,-0.3566716482855412,0.7000023069610353
-3.98,-0.3566715436708719,0.700002380191549
-3.97,-0.3566714357354147,0.70000245574663
-3.96,-0.356671324373759,0.7000025337000668
-3.95,-0.3566712094771482,0.7000026141279901
-3.94,-0.35667109093337357,0.7000026971089471
-3.93,-0.35667096862666475,0.7000027827239784
-3.92,-0.35667084243757646,0.700002871056697
-3.91,-0.3566707122428722,0.7000029621933697
-3.9,-0.3566705779154035,0.700003056223002
-3.89,-0.3566704393239864,0.7000031532374242
-3.88,-0.35667029633327246,0.700003253331382
-3.87,-0.3566701488036175,0.700003356602628
-3.86,-0.35666999659094467,0.7000034631520181
-3.85,-0.3566698395466038,0.7000035730836092
-3.84,-0.3566696775172266,0.7000036865047614
-3.83,-0.3566695103445766,0.7000038035262425
-3.82,-0.3566693378653948,0.7000039242623362
-3.81,-0.3566691599112398,0.700004048830954
-3.8,-0.3566689763083243,0.7000041773537501
-3.79,-0.3566687868773443,0.70000430995624
-3.78,-0.35666859143330504,0.7000044467679232
-3.77,-0.3566683897853393,0.70000458792241
-3.76,-0.35666818173652215,0.7000047335575518
-3.75,-0.3566679670836778,0.700004883815575
-3.74,-0.35666774561718184,0.700005038843221
-3.73,-0.3566675171207559,0.7000051987918887
-3.7199999999999998,-0.35666728137125725,0.7000053638177829
-3.71,-0.35666703813846035,0.7000055340820661
-3.7,-0.35666678718483236,0.7000057097510165
-3.69,-0.3566665282653011,0.7000058909961903
-3.68,-0.35666626112701594,0.7000060779945885
-3.67,-0.35666598550910056,0.700006270928831
-3.66,-0.35666570114239887,0.7000064699873338
-3.65,-0.35666540774921157,0.7000066753644932
-3.64,-0.35666510504302557,0.7000068872608762
-3.63,-0.3566647927282338,0.7000071058834156
-3.62,-0.3566644704998471,0.7000073314456123
-3.61,-0.35666413804319635,0.7000075641677439
-3.6,-0.3566637950336247,0.7000078042770799
-3.59,-0.35666344113617143,0.7000080520081029
-3.58,-0.3566630760052447,0.7000083076027384
-3.57,-0.35666269928428407,0.7000085713105901
-3.56,-0.3566623106054122,0.7000088433891848
-3.55,-0.3566619095890764,0.7000091241042224
-3.54,-0.35666149584367746,0.7000094137298367
-3.53,-0.3566610689651878,0.7000097125488617
-3.52,-0.356660628536757,0.7000100208531088
-3.51,-0.35666017412830475,0.7000103389436513
-3.5,-0.3566597052961012,0.7000106671311179
-3.49,-0.3566592215823339,0.7000110057359967
-3.48,-0.3566587225146609,0.7000113550889476
-3.4699999999999998,-0.3566582076057496,0.7000117155311252
-3.46,-0.3566576763528012,0.7000120874145117
-3.45,-0.35665712823706,0.7000124711022611
-3.44,-0.35665656272330715,0.7000128669690525
-3.4299999999999997,-0.3566559792593382,0.7000132754014574
-3.42,-0.35665537727542396,0.7000136967983158
-3.41,-0.35665475618375525,0.7000141315711259
-3.4,-0.35665411537786834,0.7000145801444461
-3.39,-0.35665345423205375,0.7000150429563088
-3.38,-0.3566527721007453,0.7000155204586489
-3.37,-0.35665206831789054,0.7000160131177436
-3.36,-0.35665134219630035,0.7000165214146687
-3.35,-0.3566505930269787,0.7000170458457676
-3.34,-0.356649820078431,0.7000175869231358
-3.33,-0.3566490225959499,0.7000181451751204
-3.32,-0.3566481998008795,0.7000187211468364
-3.31,-0.35664735088985516,0.7000193154006982
-3.3,-0.35664647503402014,0.7000199285169687
-3.29,-0.3566455713782166,0.7000205610943255
-3.2800000000000002,-0.3566446390401518,0.700021213750445
-3.27,-0.3566436771095369,0.7000218871226055
-3.26,-0.35664268464719956,0.7000225818683086
-3.25,-0.3566416606841671,0.7000232986659213
-3.24,-0.3566406042207222,0.7000240382153375
-3.23,-0.3566395142254272,0.7000248012386614
-3.2199999999999998,-0.35663838963411854,0.7000255884809115
-3.21,-0.3566372293488685,0.7000264007107476
-3.2,-0.35663603223691465,0.7000272387212215
-3.19,-0.3566347971295552,0.7000281033305498
-3.1799999999999997,-0.35663352282100963,0.7000289953829124
-3.17,-0.3566322080672422,0.7000299157492764
-3.16,-0.3566308515847498,0.7000308653282453
-3.15,-0.3566294520493098,0.7000318450469359
-3.14,-0.3566280080946896,0.7000328558618827
-3.13,-0.3566265183113144,0.7000338987599704
-3.12,-0.3566249812448933,0.7000349747593967
-3.11,-0.3566233953950011,0.7000360849106662
-3.1,-0.3566217592136166,0.7000372302976139
-3.09,-0.35662007110361355,0.7000384120384623
-3.08,-0.35661832941720345,0.7000396312869128
-3.07,-0.356616532454331,0.7000408892332698
-3.06,-0.3566146784610163,0.7000421871056015
-3.05,-0.3566127656276463,0.7000435261709381
-3.04,-0.3566107920872115,0.7000449077365064
-3.0300000000000002,-0.3566087559134874,0.7000463331510045
-3.02,-0.3566066551191574,0.7000478038059167
-3.01,-0.35660448765387737,0.7000493211368701
-3.0,-0.3566022514022786,0.7000508866250341
-2.99,-0.3565999441819073,0.700052501798564
-2.98,-0.3565975637410997,0.7000541682340902
-2.9699999999999998,-0.35659510775678877,0.7000558875582554
-2.96,-0.3565925738322432,0.7000576614492997
-2.95,-0.35658995949473316,0.7000594916386955
-2.94,-0.356587262193124,0.7000613799128355
-2.9299999999999997,-0.35658447929539216,0.7000633281147726
-2.92,-0.35658160808606437,0.7000653381460159
-2.91,-0.35657864576357445,0.7000674119683832
-2.9,-0.35657558943753737,0.7000695516059119
-2.8899999999999997,-0.3565724361259375,0.7000717591468302
-2.88,-0.35656918275222704,0.7000740367455918
-2.87,-0.35656582614233384,0.7000763866249733
-2.86,-0.3565623630215742,0.7000788110782392
-2.8499999999999996,-0.3565587900114689,0.7000813124713745
-2.84,-0.3565551036264575,0.7000838932453883
-2.83,-0.3565513002705102,0.700086555918691
-2.8200000000000003,-0.3565473762336327,0.7000893030895438
-2.81,-0.35654332768825997,0.7000921374385898
-2.8,-0.3565391506855371,0.7000950617314615
-2.79,-0.35653484115148265,0.7000980788214725
-2.7800000000000002,-0.3565303948830313,0.7001011916523935
-2.77,-0.35652580754395125,0.7001044032613163
-2.76,-0.35652107466063393,0.7001077167816081
-2.75,-0.35651619161775006,0.7001111354459593
-2.74,-0.3565111536537697,0.7001146625895267
-2.73,-0.35650595585634076,0.7001183016531773
-2.7199999999999998,-0.35650059315752297,0.7001220561868332
-2.71,-0.3564950603288707,0.7001259298529219
-2.7,-0.35648935197636167,0.7001299264299371
-2.69,-0.3564834625351669,0.7001340498161097
-2.6799999999999997,-0.35647738626425507,0.7001383040331959
-2.67,-0.3564711172408277,0.7001426932303842
-2.66,-0.3564646493545805,0.7001472216883257
-2.65,-0.3564579763017831,0.7001518938232906
-2.6399999999999997,-0.3564510915791737,0.7001567141914574
-2.63,-0.356443988477662,0.7001616874933353
-2.62,-0.3564366600758349,0.7001668185783265
-2.61,-0.3564290992332579,0.7001721124494324
-2.5999999999999996,-0.35642129858356697,0.7001775742681079
-2.59,-0.3564132505273444,0.7001832093592671
-2.58,-0.3564049472247703,0.7001890232164488
-2.5700000000000003,-0.3563963805880455,0.700195021507142
-2.56,-0.3563875422735765,0.7002012100782798
-2.55,-0.35637842367391603,0.7002075949619069
-2.54,-0.356369015909452,0.7002141823810226
-2.5300000000000002,-0.35635930981983693,0.7002209787556096
-2.52,-0.35634929595514864,0.7002279907088511
-2.51,-0.35633896456677655,0.7002352250735426
-2.5,-0.3563283055980227,0.7002426888987052
-2.49,-0.35631730867440986,0.7002503894564067
-2.48,-0.35630596309368806,0.7002583342487948
-2.4699999999999998,-0.3562942578155292,0.7002665310153529
-2.46,-0.35628218145090157,0.7002749877403811
-2.45,-0.356269722251114,0.7002837126607122
-2.44,-0.3562568680965186,0.7002927142736693
-2.4299999999999997,-0.3562436064848633,0.7003020013452717
-2.42,-0.3562299245192833,0.7003115829186969
-2.41,-0.3562158088959187,0.7003214683230085
-2.4,-0.3562012458911499,0.7003316671821542
-2.3899999999999997,-0.35618622134843647,0.7003421894242471
-2.38,-0.3561707206647498,0.7003530452911342
-2.37,-0.3561547287765854,0.7003642453482649
-2.36,-0.35613823014554347,0.7003758004948656
-2.3499999999999996,-0.35612120874346487,0.7003877219744319
-2.34,-0.3561036480371081,0.7004000213855461
-2.33,-0.3560855309723545,0.7004127106930332
-2.3200000000000003,-0.3560668399579275,0.7004258022394604
-2.31,-0.35604755684861095,0.7004393087569964
-2.3,-0.3560276629279524,0.7004532433796378
-2.29,-0.35600713889043584,0.7004676196558125
-2.2800000000000002,-0.35598596482310785,0.7004824515613776
-2.27,-0.35596412018664103,0.7004977535130155
-2.26,-0.3559415837958194,0.7005135403820472
-2.25,-0.3559183337994274,0.7005298275086707
-2.24,-0.35589434765952493,0.7005466307166404
-2.23,-0.3558696021300931,0.7005639663283977
-2.2199999999999998,-0.35584407323502837,0.7005818511806695
-2.21,-0.35581773624546964,0.7006003026405461
-2.2,-0.3557905656564378,0.700619338622053
-2.19,-0.3557625351627671,0.7006389776032336
-2.1799999999999997,-0.35573361763431,0.7006592386437548
-2.17,-0.3557037850903925,0.7006801414030525
-2.16,-0.3556730086735008,0.7007017061590333
-2.15,-0.3556412586221757,0.7007239538273479
-2.1399999999999997,-0.3556085042430938,0.700746905981253
-2.13,-0.3555747138823111,0.7007705848720804
-2.12,-0.3555398548956476,0.7007950134503279
-2.11,-0.3555038936181869,0.7008202153873938
-2.0999999999999996,-0.3554667953328681,0.7008462150979708
-2.09,-0.355428524238143,0.7008730377631197
-2.08,-0.35538904341467487,0.7009007093540423
-2.0700000000000003,-0.3553483147910519,0.7009292566565728
-2.06,-0.35530629910848777,0.7009587072964104
-2.05,-0.3552629558844835,0.7009890897651109
-2.04,-0.3552182433754218,0.7010204334468612
-2.0300000000000002,-0.3551721185380653,0.7010527686460597
-2.02,-0.3551245369899306,0.7010861266157217
-2.01,-0.3550754529685082,0.7011205395867359
-2.0,-0.35502481928929724,0.7011560407979965
-1.9899999999999998,-0.3549725873026264,0.7011926645274303
-1.98,-0.3549187068492279,0.7012304461239505
-1.9699999999999998,-0.35486312621453375,0.7012694220403559
-1.96,-0.3548057920816626,0.7013096298672071
-1.9500000000000002,-0.3547466494830624,0.7013511083677019
-1.94,-0.3546856417507792,0.7013938975135787
-1.9300000000000002,-0.35462271046531396,0.7014380385220774
-1.92,-0.3545577954030376,0.7014835738939809
-1.9100000000000001,-0.3544908344821259,0.701530547452772
-1.9,-0.3544217637069829,0.7015790043849308
-1.8900000000000001,-0.3543505171111142,0.7016289912814031
-1.88,-0.35427702669841665,0.7016805561802726
-1.87,-0.35420122238284785,0.7017337486106642
-1.8599999999999999,-0.35412303192643896,0.701788619637913
-1.85,-0.3540423808756147,0.701845221910029
-1.8399999999999999,-0.3539591924957838,0.701903609705491
-1.83,-0.3538733877041631,0.701963838982403
-1.8199999999999998,-0.35378488500079935,0.7020259674290438
-1.81,-0.35369360039775005,0.7020900545158484
-1.7999999999999998,-0.3535994473463888,0.7021561615488521
-1.79,-0.3535023366627973,0.7022243517246318
-1.7799999999999998,-0.3534021764512082,0.7022946901867824
-1.77,-0.3532988720254624,0.7023672440839612
-1.7599999999999998,-0.35319232582844595,0.7024420826295378
-1.75,-0.353082437349471,0.7025192771628831
-1.7399999999999998,-0.3529691030395661,0.7025989012123384
-1.73,-0.35285221622464347,0.7026810305598946
-1.7199999999999998,-0.352731667016509,0.7027657433076245
-1.71,-0.3526073422216843,0.7028531199458998
-1.6999999999999997,-0.35247912524800984,0.7029432434234333
-1.69,-0.35234689600900015,0.7030361992191797
-1.6800000000000002,-0.35221053082592313,0.7031320754161351
-1.67,-0.35206990232757784,0.7032309627770668
-1.6600000000000001,-0.35192487934774663,0.7033329548222147
-1.65,-0.3517753268202994,0.7034381479089953
-1.6400000000000001,-0.35162110567193,0.7035466413137463
-1.63,-0.3514620727125094,0.7036585373155452
-1.62,-0.35129808052303835,0.7037739412821354
-1.6099999999999999,-0.35112897734119164,0.7038929617579941
-1.6,-0.3509546069444439,0.7040157105545709
-1.5899999999999999,-0.35077480853077325,0.704142302842733
-1.58,-0.35058941659694387,0.704272857247441
-1.5699999999999998,-0.3503982608143703,0.7044074959446862
-1.56,-0.35020116590257366,0.7045463447607164
-1.5499999999999998,-0.34999795150024204,0.7046895332735732
-1.54,-0.349788432033918,0.7048371949169631
-1.5299999999999998,-0.34957241658433474,0.7049894670864845
-1.52,-0.34934970875043597,0.7051464912482271
-1.5099999999999998,-0.34912010651111736,0.7053084130497582
-1.5,-0.348883402084735,0.7054753824335084
-1.4899999999999998,-0.34863938178643666,0.7056475537525658
-1.48,-0.34838782588337663,0.7058250858888845
-1.4699999999999998,-0.3481285084478881,0.706008142373904
-1.46,-0.3478611972086925,0.706196891511583
-1.4499999999999997,-0.34758565340023795,0.7063915065038358
-1.44,-0.34730163161027144,0.7065921655783559
-1.4300000000000002,-0.34700887962575633,0.7067990521188169
-1.42,-0.3467071382772643,0.7070123547974166
-1.4100000000000001,-0.34639614128198093,0.7072322677097419
-1.4,-0.34607561508547957,0.7074589905119115
-1.3900000000000001,-0.34574527870243255,0.7076927285599566
-1.38,-0.34540484355644324,0.7079336930513831
-1.37,-0.3450540133192033,0.7081821011688579
-1.3599999999999999,-0.3446924837491912,0.7084381762259473
-1.35,-0.3443199425301505,0.7087021478148292
-1.3399999999999999,-0.3439360691096066,0.70897425195589
-1.33,-0.3435405345376963,0.7092547312491047
-1.3199999999999998,-0.343133001306613,0.7095438350270888
-1.31,-0.3427131231909869,0.7098418195096978
-1.2999999999999998,-0.3422805450895467,0.7101489479600359
-1.29,-0.34183490286843426,0.7104654908417232
-1.2799999999999998,-0.34137582320656773,0.7107917259772549
-1.27,-0.3409029234434777,0.7111279387072703
-1.2599999999999998,-0.34041581143006944,0.7114744220505334
-1.25,-0.3399140853827919,0.711831476864408
-1.2399999999999998,-0.33939733374172765,0.7121994120055953
-1.23,-0.33886513503314825,0.7125785444908765
-1.2199999999999998,-0.3383170577371129,0.7129691996575886
-1.21,-0.3377526601607233,0.7133717113235353
-1.1999999999999997,-0.33717149031768334,0.7137864219460154
-1.19,-0.3365730858148474,0.7142136827796246
-1.1800000000000002,-0.33595697374648087,0.7146538540324643
-1.17,-0.33532267059699444,0.7151073050203611
-1.1600000000000001,-0.33466968215295323,0.7155744143186781
-1.15,-0.3339975034252032,0.716055569911266
-1.1400000000000001,-0.3333056185819992,0.716551169336074
-1.13,-0.33259350089406076,0.7170616198269115
-1.12,-0.33186061269252504,0.7175873384508138
-1.1099999999999999,-0.3311064053408107,0.7181287522404365
-1.1,-0.330330319221449,0.7186862983208672
-1.0899999999999999,-0.3295317837389839,0.719260424030205
-1.08,-0.32871021734008743,0.7198515870332225
-1.0699999999999998,-0.3278650275520788,0.720460255427387
-1.06,-0.32699561104108305,0.7210869078404759
-1.0499999999999998,-0.3261013536911024,0.721732033518985
-1.04,-0.3251816307053242,0.7223961324064777
-1.0299999999999998,-0.3242358067310202,0.7230797152109946
-1.02,-0.3232632360094415,0.7237833034605821
-1.0099999999999998,-0.32226326255214405,0.7245074295459696
-1.0,-0.3212352203452177,0.7252526367493713
-0.9899999999999998,-0.3201784335829258,0.7260194792583441
-0.98,-0.31909221693229095,0.7268085221635902
-0.9699999999999998,-0.3179758758301877,0.7276203414395443
-0.96,-0.3168287068145283,0.7284555239065401
-0.9499999999999997,-0.31564999789114206,0.729314667173305
-0.94,-0.3144390289379655,0.7301983795584861
-0.9299999999999997,-0.31319507214816206,0.731107279989868
-0.9199999999999999,-0.31191739251379785,0.7320419978798945
-0.9100000000000001,-0.3106052483516861,0.7330031729760724
-0.8999999999999999,-0.30925789187300706,0.7339914551847844
-0.8900000000000001,-0.30787456979828126,0.7350075043670087
-0.8799999999999999,-0.3064545240192478,0.7360519901044046
-0.8700000000000001,-0.3049969923091563,0.7371255914341857
-0.8599999999999999,-0.30350120908293243,0.7382289965511792
-0.8500000000000001,-0.3019664062086111,0.7393629024754417
-0.8399999999999999,-0.30039181387136193,0.7405280146837775
-0.8300000000000001,-0.2987766614913419,0.7417250467034968
-0.8199999999999998,-0.29712017869651053,0.7429547196667315
-0.81,-0.29542159635143206,0.7442177618236291
-0.7999999999999998,-0.29368014764295375,0.7455149080127461
-0.79,-0.29189506922351505,0.7468468990869707
-0.7799999999999998,-0.29006560241267226,0.7482144812933242
-0.77,-0.2881909944572545,0.7496184056050234
-0.7599999999999998,-0.28627049985036973,0.7510594270042122
-0.75,-0.28430338170927033,0.7525383037138352
-0.7399999999999998,-0.2822889132118559,0.7540557963771711
-0.73,-0.28022637909135223,0.7556126671836256
-0.7199999999999998,-0.2781150771884304,0.7572096789394658
-0.71,-0.2759543200597588,0.758847594082276
-0.6999999999999997,-0.2737434366416703,0.760527173638034
-0.69,-0.2714817739673214,0.7622491761198279
-0.6799999999999997,-0.269168698935372,0.7640143563673908
-0.6699999999999999,-0.26680360012787857,0.7658234643267825
-0.6600000000000001,-0.2643858896747162,0.7676772437697359
-0.6499999999999999,-0.26191500516147326,0.7695764309523802
-0.6400000000000001,-0.25939041157736675,0.7715217532132705
-0.6299999999999999,-0.2568116032993215,0.7735139275108955
-0.6200000000000001,-0.2541781061079495,0.7755536589010794
-0.6099999999999999,-0.25148947923073656,0.7776416389549835
-0.6000000000000001,-0.24874531740732925,0.7797785441186975
-0.5899999999999999,-0.24594525297137582,0.7819650340157317
-0.5800000000000001,-0.24308895794295962,0.7842017496940499
-0.5699999999999998,-0.24017614612522856,0.7864893118196444
-0.56,-0.23720657519841862,0.7888283188190137
-0.5499999999999998,-0.23418004880405108,0.7912193449733046
-0.54,-0.23109641861170235,0.7936629384672745
-0.5299999999999998,-0.22795558636035976,0.7961596193966565
-0.52,-0.22475750586603294,0.7987098777379379
-0.5099999999999998,-0.22150218498695623,0.8013141712850099
-0.5,-0.21818968753742835,0.803972923557596
-0.48999999999999977,-0.21482013514106651,0.8066865216868299
-0.48,-0.2113937090140379,0.8094553142838139
-0.46999999999999975,-0.20791065166864423,0.8122796092974561
-0.45999999999999996,-0.20437126852751275,0.8151596718683422
-0.44999999999999973,-0.20077592943855724,0.8180957221858592
-0.43999999999999995,-0.19712507008086058,0.8210879333562273
-0.4299999999999997,-0.19341919325165433,0.824136429289533
-0.41999999999999993,-0.1896588700246803,0.8272412826142632
-0.41000000000000014,-0.18584474077037302,0.8304025126282375
-0.3999999999999999,-0.18197751602854392,0.8336200832951853
-0.3900000000000001,-0.17805797722454458,0.8368939012965552
-0.3799999999999999,-0.1740869772202625,0.8402238141484243
-0.3700000000000001,-0.17006544069175553,0.843609608393627
-0.3599999999999999,-0.1659943643258428,0.8470510078794231
-0.3500000000000001,-0.16187481682857577,0.8505476721311634
-0.33999999999999986,-0.15770793873916572,0.8540991948325114
-0.33000000000000007,-0.15349494204369174,0.85770510242279
-0.31999999999999984,-0.1492371095837042,0.8613648528219972
-0.31000000000000005,-0.14493579425571598,0.8650778342939052
-0.2999999999999998,-0.14059241799848785,0.8688433644574864
-0.29000000000000004,-0.13620847056600682,0.8726606894566319
-0.2799999999999998,-0.1317855080850722,0.8765289832977934
-0.27,-0.1273251513974876,0.880447347364745
-0.2599999999999998,-0.12282908418795138,0.8844148101191585
-0.25,-0.11829905089988207,0.8884303269950845
-0.23999999999999977,-0.11373685444255624,0.8924927804947643
-0.22999999999999998,-0.10914435369411014,0.8966009804924284
-0.21999999999999975,-0.10452346080610585,0.9007536647519117
-0.20999999999999996,-0.09987613831653015,0.9049494996629902
-0.19999999999999973,-0.09520439607921605,0.9091870812003676
-0.18999999999999995,-0.09051028801879621,0.9134649361081782
-0.17999999999999972,-0.08579590872135377,0.9177815233117702
-0.16999999999999993,-0.08106338987196894,0.922135235557352
-0.16000000000000014,-0.07631489655131084,0.9265244012788872
-0.1499999999999999,-0.07155262340433154,0.9309472866903602
-0.14000000000000012,-0.06677879069493538,0.935402098100265
-0.1299999999999999,-0.06199564026123531,0.9398869844438771
-0.1200000000000001,-0.0572054313866652,0.9444000400275581
-0.10999999999999988,-0.05241043660275902,0.9489393074780613
-0.10000000000000009,-0.04761293743987233,0.9535027808885129
-0.08999999999999986,-0.04281522014245407,0.9580884091515058
-0.08000000000000007,-0.03801957136572586,0.9626940994685211
-0.06999999999999984,-0.03322827387073662,0.9673177210237437
-0.06000000000000005,-0.028443602234784784,0.9719571088092317
-0.04999999999999982,-0.023667818594084084,0.9766100675873897
-0.040000000000000036,-0.018903168435347964,0.9812743759757462
-0.029999999999999805,-0.014151876452628918,0.9859477906382057
-0.020000000000000018,-0.00941614248533087,0.9906280505661906
-0.009999999999999787,-0.004698137552764891,0.9953128814324774
0.0,0.0,1.0
0.009999999999999787,0.004676168230975094,1.0046871185675226
0.020000000000000462,0.009328305191559055,1.0093719494338096
0.03000000000000025,0.013954392365982764,1.0140522093617945
0.040000000000000036,0.018552457948516277,1.0187256240242537
0.04999999999999982,0.02312057994805962,1.0233899324126103
0.0600000000000005,0.0276568891108138,1.0280428911907686
0.07000000000000028,0.03215957165281716,1.0326822789762564
0.08000000000000007,0.03662687179527394,1.0373059005314789
0.08999999999999986,0.041057094096738266,1.0419115908484942
0.09999999999999964,0.04544860557739278,1.046497219111487
0.11000000000000032,0.049799837631815495,1.0510606925219388
0.1200000000000001,0.05410928772778331,1.055599959972442
0.1299999999999999,0.05837552088980545,1.060113015556123
0.13999999999999968,0.06259717096717876,1.064597901899735
0.15000000000000036,0.06677294168744832,1.06905271330964
0.16000000000000014,0.07090160749718395,1.0734755987211129
0.16999999999999993,0.07498201419298302,1.077864764442648
0.17999999999999972,0.07901307934653376,1.0822184766882297
0.1900000000000004,0.0829937925284635,1.0865350638918219
0.20000000000000018,0.08692321533650199,1.0908129187996327
0.20999999999999996,0.09080048123424708,1.0950505003370097
0.21999999999999975,0.09462479520748782,1.0992463352480883
0.23000000000000043,0.09839543324565879,1.1033990195075718
0.2400000000000002,0.10211174165652603,1.1075072195052358
0.25,0.10577313622267528,1.1115696730049156
0.2599999999999998,0.10937910120875063,1.1155851898808415
0.27000000000000046,0.11292918822872014,1.1195526526352553
0.28000000000000025,0.1164230149826812,1.1234710167022068
0.29000000000000004,0.11986026387290544,1.1273393105433682
0.2999999999999998,0.12324068050892117,1.1311566355425136
0.3100000000000005,0.12656407211149148,1.134922165706095
0.3200000000000003,0.12983030582532323,1.138635147178003
0.33000000000000007,0.13303930695028315,1.14229489757721
0.33999999999999986,0.13619105710076354,1.1459008051674886
0.35000000000000053,0.1392855923026813,1.1494523278688367
0.3600000000000003,0.1423230010373713,1.152948992120577
0.3700000000000001,0.14530342224138848,1.156390391606373
0.3799999999999999,0.1482270432709332,1.1597761858515758
0.3899999999999997,0.15109409783930303,1.1631060987034447
0.40000000000000036,0.15390486393542008,1.1663799167048148
0.41000000000000014,0.15665966173111265,1.1695974873717625
0.41999999999999993,0.15935885148444567,1.1727587173857368
0.4299999999999997,0.16200283144598046,1.175863570710467
0.4400000000000004,0.16459203577443915,1.178912066643773
0.4500000000000002,0.16712693246781965,1.1819042778141409
0.45999999999999996,0.16960802131558644,1.184840328131658
0.46999999999999975,0.1720358318771262,1.187720390702544
0.4800000000000004,0.174410921491242,1.1905446857161863
0.4900000000000002,0.1767338733210286,1.1933134783131703
0.5,0.17900529443806756,1.196027076442404
0.5099999999999998,0.18122581394946333,1.19868582871499
0.5200000000000005,0.18339608117085784,1.2012901222620622
0.5300000000000002,0.18551676384817206,1.2038403806033435
0.54,0.1875885464304599,1.2063370615327256
0.5499999999999998,0.18961212839590016,1.2087806550266953
0.5600000000000005,0.19158822263262176,1.2111716811809865
0.5700000000000003,0.19351755387573172,1.2135106881803557
0.5800000000000001,0.19540085720161737,1.2157982503059501
0.5899999999999999,0.1972388765803008,1.2180349659842682
0.6000000000000005,0.19903236348636544,1.2202214558813025
0.6100000000000003,0.20078207556871583,1.2223583610450166
0.6200000000000001,0.2024887753792083,1.2244463410989206
0.6299999999999999,0.20415322915996742,1.2264860724891045
0.6399999999999997,0.2057762056890142,1.2284782467867295
0.6500000000000004,0.20735847518364695,1.23042356904762
0.6600000000000001,0.20890080826085547,1.232322756230264
0.6699999999999999,0.2104039749539021,1.2341765356732175
0.6799999999999997,0.2118687437840691,1.235985643632609
0.6900000000000004,0.213295880886459,1.2377508238801722
0.7000000000000002,0.2146861491886281,1.239472826361966
0.71,0.21604030764074902,1.241152405917724
0.7199999999999998,0.2173591104959154,1.2427903210605342
0.7300000000000004,0.21864330663914475,1.2443873328163744
0.7400000000000002,0.21989363896357567,1.245944203622829
0.75,0.2211108437923197,1.2474616962861647
0.7599999999999998,0.2222956503443889,1.2489405729957879
0.7700000000000005,0.2234487802431018,1.2503815943949768
0.7800000000000002,0.2245709470653522,1.2517855187066758
0.79,0.22566285593011948,1.2531531009130294
0.7999999999999998,0.22672520312459699,1.2544850919872539
0.8100000000000005,0.22775867576632208,1.255782238176371
0.8200000000000003,0.22876395149970288,1.2570452803332686
0.8300000000000001,0.2297416982253537,1.2582749532965032
0.8399999999999999,0.2306925738606721,1.2594719853162224
0.8500000000000005,0.23161722613011684,1.2606370975245584
0.8600000000000003,0.23251629238367402,1.2617710034488208
0.8700000000000001,0.23339039944203432,1.2628744085658143
0.8799999999999999,0.23424016346703347,1.2639480098955953
0.8899999999999997,0.23506618985595165,1.2649924956329914
0.9000000000000004,0.23586907315830308,1.2660085448152156
0.9100000000000001,0.23664939701378845,1.2669968270239276
0.9199999999999999,0.23740773411012622,1.2679580021201053
0.9299999999999997,0.23814464615952008,1.268892720010132
0.9400000000000004,0.2388606838925649,1.269801620441514
0.9500000000000002,0.23955638706843646,1.2706853328266952
0.96,0.2402322845002561,1.27154447609346
0.9699999999999998,0.24088889409456374,1.2723796585604557
0.9800000000000004,0.24152672290387817,1.27319147783641
0.9900000000000002,0.24214626719136642,1.273980520741656
1.0,0.24274801250668893,1.2747473632506288
1.0099999999999998,0.24333243377212607,1.2754925704540303
1.0200000000000005,0.24389999537813864,1.276216696539418
1.0300000000000002,0.24445115128755032,1.2769202847890053
1.04,0.24498634514758566,1.2776038675935222
1.0499999999999998,0.24550601040903128,1.278267966481015
1.0600000000000005,0.24601057045182956,1.278913092159524
1.0700000000000003,0.24650043871644922,1.279539744572613
1.08,0.24697601884041379,1.2801484129667775
1.0899999999999999,0.24743770479940316,1.280739575969795
1.1000000000000005,0.2478858810523769,1.281313701679133
1.1100000000000003,0.2483209226902004,1.2818712477595637
1.12,0.24874319558728664,1.2824126615491862
1.13,0.24915305655579467,1.2829383801730885
1.1399999999999997,0.24955085350195563,1.283448830663926
1.1500000000000004,0.2499369255841256,1.2839444300887342
1.1600000000000001,0.2503116033721875,1.2844255856813218
1.17,0.2506752090079542,1.2848926949796389
1.1799999999999997,0.2510280563662443,1.2853461459675357
1.1900000000000004,0.2513704512163285,1.2857863172203754
1.2000000000000002,0.25170269138346424,1.2862135780539847
1.21,0.2520250669102576,1.2866282886764646
1.2199999999999998,0.25233786021761206,1.2870308003424114
1.2300000000000004,0.25264134626504026,1.2874214555091235
1.2400000000000002,0.2529357927101356,1.2878005879944048
1.25,0.2532214600670148,1.288168523135592
1.2599999999999998,0.25349860186355916,1.2885255779494666
1.2700000000000005,0.25376746479729884,1.2888720612927296
1.2800000000000002,0.2540282888897958,1.289208274022745
1.29,0.25428130763939727,1.2895345091582768
1.2999999999999998,0.2545267481722421,1.289851052039964
1.3100000000000005,0.2547648313914154,1.2901581804903022
1.3200000000000003,0.25499577212415775,1.2904561649729112
1.33,0.2552197792670455,1.2907452687508953
1.3399999999999999,0.25543705592906824,1.29102574804411
1.3500000000000005,0.25564779957254014,1.2912978521851708
1.3600000000000003,0.25585220215178817,1.2915618237740527
1.37,0.25605045024957057,1.291817898831142
1.38,0.2562427252111842,1.292066306948617
1.3899999999999997,0.2564292032762285,1.2923072714400434
1.4000000000000004,0.2566100557079993,1.2925410094880885
1.4100000000000001,0.2567854489204903,1.2927677322902582
1.42,0.25695554460298964,1.2929876452025835
1.4299999999999997,0.2571204998422586,1.293200947881183
1.4400000000000004,0.25728046724229037,1.2934078344216442
1.4500000000000002,0.2574355950416453,1.2936084934961642
1.46,0.2575860272283684,1.293803108488417
1.4699999999999998,0.2577319036524943,1.293991857626096
1.4800000000000004,0.2578733601361519,1.2941749141111156
1.4900000000000002,0.25801052858128076,1.294352446247434
1.5,0.25814353707497706,1.2945246175664917
1.5099999999999998,0.25827250999248796,1.2946915869502418
1.5200000000000005,0.2583975680978755,1.2948535087517727
1.5300000000000002,0.25851882864237435,1.2950105329135155
1.54,0.25863640546046845,1.295162805083037
1.5499999999999998,0.2587504090637147,1.2953104667264268
1.5600000000000005,0.2588609467323419,1.2954536552392835
1.5700000000000003,0.2589681226046552,1.2955925040553138
1.58,0.25907203776427834,1.295727142752559
1.5899999999999999,0.25917279032526563,1.2958576971572668
1.6000000000000005,0.2592704755151169,1.2959842894454292
1.6100000000000003,0.2593651857557303,1.296107038242006
1.62,0.2594570107423277,1.2962260587178644
1.63,0.2595460375203876,1.296341462684455
1.6399999999999997,0.25963235056062206,1.2964533586862537
1.6500000000000004,0.2597160318320341,1.2965618520910047
1.6600000000000001,0.259797160873091,1.2966670451777853
1.67,0.2598758148610513,1.2967690372229332
1.6799999999999997,0.2599520686794815,1.296867924583865
1.6900000000000004,0.26002599498399953,1.2969638007808202
1.7000000000000002,0.26009766426628234,1.2970567565765667
1.71,0.2601671449163725,1.2971468800541002
1.7199999999999998,0.2602345032833223,1.2972342566923756
1.7300000000000004,0.2602998037342105,1.2973189694401053
1.7400000000000002,0.2603631087115677,1.2974010987876616
1.75,0.2604244787892465,1.2974807228371168
1.7599999999999998,0.2604839727267719,1.2975579173704623
1.7700000000000005,0.26054164752220604,1.2976327559160388
1.7800000000000002,0.2605975584635634,1.2977053098132176
1.79,0.2606517591788094,1.2977756482753682
1.7999999999999998,0.2607043016844764,1.297843838451148
1.8100000000000005,0.2607552364329314,1.2979099454841516
1.8200000000000003,0.26080461235832675,1.2979740325709563
1.83,0.26085247692126723,1.298036161017597
1.8399999999999999,0.26089887615222507,1.2980963902945089
1.8500000000000005,0.2609438546937337,1.2981547780899712
1.8600000000000003,0.2609874558413921,1.2982113803620872
1.87,0.26102972158370846,1.2982662513893357
1.88,0.2610706926408141,1.2983194438197274
1.8899999999999997,0.2611104085020758,1.298371008718597
1.9000000000000004,0.26114890746263564,1.2984209956150692
1.9100000000000001,0.2611862266589064,1.298469452547228
1.92,0.26122240210304914,1.2985164261060191
1.9299999999999997,0.2612574687164604,1.2985619614779225
1.9400000000000004,0.261291460362296,1.2986061024864213
1.9500000000000002,0.26132440987705496,1.298648891632298
1.96,0.2613563491012517,1.2986903701327928
1.9699999999999998,0.2613873089091981,1.298730577959644
1.9800000000000004,0.261417319237922,1.2987695538760495
1.9900000000000002,0.26144640911524397,1.2988073354725695
2.0,0.26147460668703615,1.2988439592020036
2.01,0.2615019392436853,1.298879460413264
2.0200000000000005,0.2615284332457821,1.2989138733842784
2.0300000000000002,0.2615541143490581,1.2989472313539403
2.04,0.2615790074285908,1.2989795665531387
2.05,0.2616031366022979,1.2990109102348892
2.0600000000000005,0.26162652525374025,1.2990412927035897
2.0700000000000003,0.2616491960542525,1.2990707433434272
2.08,0.2616711709844213,1.2990992906459577
2.09,0.2616924713549281,1.2991269622368802
2.1000000000000005,0.26171311782677636,1.2991537849020292
2.1100000000000003,0.26173313043091845,1.299179784612606
2.12,0.26175252858730114,1.299204986549672
2.13,0.26177133112334555,1.2992294151279196
2.1400000000000006,0.2617895562918773,1.299253094018747
2.1500000000000004,0.26180722178852367,1.2992760461726522
2.16,0.261824344768592,1.2992982938409667
2.17,0.261840941863445,1.2993198585969474
2.1799999999999997,0.2618570291963869,1.2993407613562453
2.1900000000000004,0.2618726223980758,1.2993610223967664
2.2,0.2618877366214737,1.299380661377947
2.21,0.26190238655635045,1.299399697359454
2.2199999999999998,0.2619165864433521,1.2994181488193304
2.2300000000000004,0.26193035008764776,1.2994360336716022
2.24,0.2619436908721674,1.2994533692833596
2.25,0.2619566217704411,1.2994701724913293
2.26,0.2619691553590532,1.2994864596179527
2.2700000000000005,0.2619813038297217,1.2995022464869845
2.2800000000000002,0.26199307900101354,1.2995175484386225
2.29,0.2620044923297079,1.2995323803441874
2.3,0.26201555492181644,1.2995467566203622
2.3100000000000005,0.2620262775432708,1.2995606912430036
2.3200000000000003,0.2620366706302886,1.2995741977605395
2.33,0.26204674429942576,1.2995872893069669
2.34,0.2620565083573247,1.2995999786144539
2.3500000000000005,0.26206597231016887,1.2996122780255681
2.3600000000000003,0.2620751453728504,1.2996241995051343
2.37,0.26208403647786077,1.299635754651735
2.38,0.262092654283912,1.2996469547088658
2.3900000000000006,0.2621010071842969,1.299657810575753
2.4000000000000004,0.26210910331499576,1.2996683328178458
2.41,0.2621169505625371,1.2996785316769914
2.42,0.2621245565716204,1.299688417081303
2.4299999999999997,0.26213192875250685,1.2996979986547283
2.4400000000000004,0.2621390742881863,1.2997072857263308
2.45,0.2621460001413258,1.2997162873392878
2.46,0.2621527130610078,1.299725012259619
2.4699999999999998,0.26215921958926297,1.2997334689846471
2.4800000000000004,0.26216552606740434,1.2997416657512053
2.49,0.26217163864216897,1.2997496105435933
2.5,0.2621775632716726,1.2997573111012948
2.51,0.262183305731183,1.2997647749264574
2.5200000000000005,0.26218887161871757,1.2997720092911489
2.5300000000000002,0.2621942663604704,1.2997790212443905
2.54,0.2621994952160738,1.2997858176189774
2.55,0.26220456328369973,1.2997924050380931
2.5600000000000005,0.26220947550500545,1.29979878992172
2.5700000000000003,0.26221423666992844,1.299804978492858
2.58,0.2622188514213351,1.2998109767835513
2.59,0.2622233242595272,1.299816790640733
2.6000000000000005,0.2622276595466115,1.2998224257318922
2.6100000000000003,0.26223186151073524,1.2998278875505676
2.62,0.26223593425019287,1.2998331814216735
2.63,0.26223988173740664,1.2998383125066646
2.6400000000000006,0.2622437078227866,1.2998432858085425
2.6500000000000004,0.2622474162384714,1.2998481061767093
2.66,0.262251010601956,1.2998527783116745
2.67,0.2622544944196073,1.2998573067696158
2.6799999999999997,0.2622578710900734,1.2998616959668041
2.6900000000000004,0.26226114390758754,1.2998659501838903
2.7,0.262264316065172,1.299870073570063
2.71,0.26226739065774285,1.2998740701470781
2.7199999999999998,0.26227037068512077,1.299877943813167
2.7300000000000004,0.26227325905494925,1.2998816983468227
2.74,0.26227605858552305,1.2998853374104733
2.75,0.2622787720085309,1.2998888645540407
2.76,0.2622814019717138,1.299892283218392
2.7700000000000005,0.26228395104144164,1.2998955967386836
2.7800000000000002,0.2622864217052115,1.2998988083476066
2.79,0.2622888163740687,1.2999019211785274
2.8,0.2622911373849546,1.2999049382685386
2.8100000000000005,0.26229338700298155,1.2999078625614102
2.8200000000000003,0.26229556742363874,1.2999106969104564
2.83,0.2622976807749301,1.2999134440813092
2.84,0.2622997291194469,1.2999161067546117
2.8500000000000005,0.26230171445637646,1.2999186875286255
2.8600000000000003,0.2623036387234499,1.2999211889217608
2.87,0.2623055037988296,1.2999236133750267
2.88,0.26230731150293884,1.2999259632544082
2.8900000000000006,0.26230906360023576,1.2999282408531698
2.9000000000000004,0.2623107618009321,1.2999304483940881
2.91,0.26231240776266057,1.2999325880316168
2.92,0.2623140030920893,1.299934661853984
2.9299999999999997,0.2623155493464883,1.2999366718852274
2.9400000000000004,0.2623170480352471,1.2999386200871645
2.95,0.2623185006213456,1.2999405083613045
2.96,0.2623199085227809,1.2999423385507003
2.9699999999999998,0.26232127311394876,1.2999441124417446
2.9800000000000004,0.2623225957269841,1.2999458317659098
2.99,0.26232387765305926,1.299947498201436
3.0,0.2623251201436434,1.2999491133749659
3.01,0.26232632441172227,1.2999506788631299
3.0200000000000005,0.26232749163298125,1.2999521961940834
3.0300000000000002,0.2623286229469516,1.2999536668489955
3.04,0.26232971945812184,1.2999550922634935
3.05,0.262330782237015,1.2999564738290619
3.0600000000000005,0.26233181232123237,1.2999578128943985
3.0700000000000003,0.2623328107164657,1.2999591107667303
3.08,0.262333778397478,1.2999603687130872
3.09,0.26233471630905447,1.2999615879615378
3.1000000000000005,0.26233562536692373,1.2999627697023861
3.1100000000000003,0.2623365064586517,1.2999639150893338
3.12,0.2623373604445067,1.2999650252406032
3.13,0.2623381881582991,1.2999661012400296
3.1400000000000006,0.2623389904081949,1.2999671441381173
3.1500000000000004,0.26233976797750375,1.299968154953064
3.16,0.2623405216254433,1.2999691346717548
3.17,0.2623412520878803,1.2999700842507236
3.1799999999999997,0.2623419600780482,1.2999710046170876
3.1900000000000004,0.26234264628724313,1.2999718966694502
3.2,0.2623433113854987,1.2999727612787786
3.21,0.26234395602223937,1.2999735992892525
3.2199999999999998,0.26234458082691453,1.2999744115190885
3.2300000000000004,0.2623451864096127,1.2999751987613386
3.24,0.2623457733616566,1.2999759617846625
3.25,0.26234634225618053,1.2999767013340788
3.26,0.26234689364868957,1.2999774181316914
3.2700000000000005,0.26234742807760175,1.2999781128773944
3.2800000000000002,0.2623479460647735,1.2999787862495549
3.29,0.262348448116009,1.2999794389056745
3.3,0.2623489347215536,1.2999800714830312
3.3100000000000005,0.2623494063565728,1.2999806845993018
3.3200000000000003,0.26234986348161554,1.2999812788531637
3.33,0.26235030654306396,1.2999818548248796
3.34,0.2623507359735693,1.2999824130768642
3.3500000000000005,0.2623511521924735,1.2999829541542323
3.3600000000000003,0.2623515556062194,1.2999834785853313
3.37,0.26235194660874683,1.2999839868822565
3.38,0.2623523255818776,1.299984479541351
3.3900000000000006,0.26235269289568774,1.2999849570436912
3.4000000000000004,0.26235304890886924,1.299985419855554
3.41,0.2623533939690798,1.299985868428874
3.42,0.2623537284132826,1.2999863032016843
3.4299999999999997,0.26235405256807487,1.2999867245985426
3.4400000000000004,0.26235436675000684,1.2999871330309474
3.45,0.262354671265891,1.299987528897739
3.46,0.2623549664131014,1.2999879125854883
3.4699999999999998,0.26235525247986385,1.2999882844688748
3.4800000000000004,0.2623555297455376,1.2999886449110523
3.49,0.2623557984808879,1.2999889942640033
3.5,0.26235605894835057,1.299989332868882
3.51,0.2623563114022876,1.2999896610563486
3.5200000000000005,0.2623565560892363,1.2999899791468912
3.5300000000000002,0.2623567932481495,1.2999902874511382
3.54,0.2623570231106289,1.2999905862701633
3.55,0.2623572459011514,1.2999908758957774
3.5600000000000005,0.26235746183728803,1.2999911566108153
3.5700000000000003,0.26235767112991654,1.2999914286894099
3.58,0.2623578739834271,1.2999916923972616
3.59,0.2623580705959222,1.299991947991897
3.6000000000000005,0.2623582611594098,1.2999921957229201
3.6100000000000003,0.26235844585999074,1.299992435832256
3.62,0.2623586248780406,1.2999926685543877
3.63,0.2623587983883862,1.2999928941165844
3.6400000000000006,0.26235896656047547,1.2999931127391238
3.6500000000000004,0.26235912955854335,1.2999933246355067
3.66,0.2623592875417725,1.2999935300126662
3.67,0.26235944066444805,1.299993729071169
3.6799999999999997,0.26235958907610873,1.2999939220054115
3.6900000000000004,0.2623597329216927,1.2999941090038099
3.7,0.2623598723416791,1.2999942902489834
3.71,0.2623600074722254,1.2999944659179339
3.7199999999999998,0.2623601384452999,1.299994636182217
3.7300000000000004,0.2623602653888111,1.2999948012081113
3.74,0.2623603884267323,1.299994961156779
3.75,0.26236050767922275,1.299995116184425
3.76,0.2623606232627451,1.2999952664424481
3.7700000000000005,0.26236073529017884,1.2999954120775898
3.7800000000000002,0.26236084387093067,1.2999955532320768
3.79,0.26236094911104146,1.2999956900437601
3.8,0.2623610511132897,1.29999582264625
3.8100000000000005,0.26236114997729176,1.299995951169046
3.8200000000000003,0.26236124579959935,1.2999960757376638
3.83,0.2623613386737937,1.2999961964737576
3.84,0.2623614286905769,1.2999963134952386
3.8500000000000005,0.2623615159378606,1.2999964269163908
3.8600000000000003,0.26236160050085183,1.2999965368479818
3.87,0.2623616824621361,1.299996643397372
3.88,0.2623617619017581,1.299996746668618
3.8900000000000006,0.26236183889729997,1.2999968467625758
3.9000000000000004,0.2623619135239568,1.299996943776998
3.91,0.2623619858546107,1.2999970378066303
3.92,0.2623620559599008,1.299997128943303
3.9300000000000006,0.26236212390829355,1.2999972172760215
3.9400000000000004,0.2623621897661488,1.299997302891053
3.95,0.2623622535977846,1.29999738587201
3.96,0.26236231546554034,1.2999974662999332
3.9699999999999998,0.2623623754298376,1.29999754425337
3.9800000000000004,0.26236243354923877,1.299997619808451
3.99,0.2623624898805047,1.2999976930389647
4.0,0.26236254447864993,1.2999977640164295
