replicate_id,cell_id,regime,gene_a_perturbed,gene_b_perturbed,guide_efficiency,latent_cell_state_proxy,expr_g1,expr_g2,expr_g3,expr_g4,included
rep-1,00-1-000,00,0,0,0.844924012,-0.980089457,1.606873295,1.270726829,0.085505582,2.579428218,1
rep-1,00-1-001,00,0,0,0.844924012,-0.487550396,1.427256839,1.123624884,0.969865206,2.446749386,1
rep-1,00-1-002,00,0,0,0.844924012,-0.749163420,1.943077500,1.156172991,0.474028799,2.548093289,1
rep-1,00-1-003,00,0,0,0.844924012,-0.521944516,1.534043590,1.076607825,0.765674515,2.064871028,1
rep-1,00-1-004,00,0,0,0.844924012,1.188732837,2.671931854,1.928855417,2.220855481,2.811962366,1
rep-1,00-1-005,00,0,0,0.844924012,-0.238604941,2.013846413,1.602015051,0.894616850,2.270463962,1
rep-1,00-1-006,00,0,0,0.844924012,-0.972718267,1.818777051,0.704283839,0.075591934,2.649988181,1
rep-1,00-1-007,00,0,0,0.844924012,-1.604272348,1.331440625,0.998247856,0.543393541,2.387892406,1
rep-1,00-1-008,00,0,0,0.844924012,-0.164852836,1.833476349,1.496734935,0.613126161,2.673160174,1
rep-1,00-1-009,00,0,0,0.844924012,0.714417459,2.525265908,1.561428841,1.195505285,2.987250135,1
rep-1,00-1-010,00,0,0,0.844924012,-0.248695852,2.467520758,1.557233790,1.530315362,2.764550472,1
rep-1,00-1-011,00,0,0,0.844924012,-1.011589807,0.909716143,1.427589041,1.098729114,2.580011937,1
rep-1,00-1-012,00,0,0,0.844924012,0.887636173,2.223349446,1.905481512,1.528173661,2.563492195,1
rep-1,00-1-013,00,0,0,0.844924012,0.420668405,2.317274915,1.994870189,0.734322519,2.334806277,1
rep-1,00-1-014,00,0,0,0.844924012,0.151988786,1.806566468,1.493378629,0.756653712,2.407677293,1
rep-1,00-1-015,00,0,0,0.844924012,-0.176787623,2.310285811,0.891232800,1.103300560,2.519114342,1
rep-1,00-1-016,00,0,0,0.844924012,0.724287579,2.156075174,1.731180545,0.645086449,2.461512567,1
rep-1,00-1-017,00,0,0,0.844924012,-1.765050409,1.676904774,1.238219523,-0.364163110,2.350527109,1
rep-1,00-1-018,00,0,0,0.844924012,1.545143788,3.026121266,2.461615725,1.761092956,2.649296352,1
rep-1,00-1-019,00,0,0,0.844924012,0.167396830,2.007471262,1.162230311,1.618593793,2.193849411,1
rep-1,00-1-020,00,0,0,0.844924012,1.432082147,2.704400843,2.113978353,1.477579333,2.298173990,1
rep-1,00-1-021,00,0,0,0.844924012,1.811995894,3.377622420,2.017118568,1.096536157,2.588019890,1
rep-1,00-1-022,00,0,0,0.844924012,0.231059402,2.246822153,1.164903376,1.864321975,2.771303582,1
rep-1,00-1-023,00,0,0,0.844924012,0.166182205,2.176418633,1.451913127,0.975257515,2.081658324,1
rep-1,00-1-024,00,0,0,0.844924012,-0.474519545,2.143789590,1.240970471,0.752231944,2.216011611,1
rep-1,00-1-025,00,0,0,0.844924012,0.379749211,2.406430652,1.698675835,2.030984908,2.235720630,1
rep-1,00-1-026,00,0,0,0.844924012,1.976500097,2.454789219,2.164943575,1.595396431,2.730335086,1
rep-1,00-1-027,00,0,0,0.844924012,-0.826918529,1.701543299,0.839940563,0.036137360,2.413514403,1
rep-1,00-1-028,00,0,0,0.844924012,0.522252374,2.176419280,1.930978228,0.831613267,2.769387094,1
rep-1,00-1-029,00,0,0,0.844924012,-0.555724601,1.793980812,0.988966226,0.160528974,2.675219302,1
rep-1,00-1-030,00,0,0,0.844924012,-0.880017660,2.023879529,1.158619007,0.647483353,2.603912706,1
rep-1,00-1-031,00,0,0,0.844924012,-1.117461688,1.670875167,1.120538734,0.076599998,2.190948065,1
rep-1,00-1-032,00,0,0,0.844924012,-1.022311692,1.748581601,1.296060523,0.410304314,2.309342398,1
rep-1,00-1-033,00,0,0,0.844924012,-0.046003173,1.712817342,1.477861699,1.146977936,2.191226148,1
rep-1,00-1-034,00,0,0,0.844924012,0.784284744,2.554976980,1.610427273,1.571413778,2.686716673,1
rep-1,00-1-035,00,0,0,0.844924012,-0.128884870,1.657935961,1.422627331,1.281501836,2.707963736,1
rep-1,00-1-036,00,0,0,0.844924012,-0.423457055,1.902430574,1.275650542,1.373363203,2.510997821,1
rep-1,00-1-037,00,0,0,0.844924012,-0.013746798,2.329338314,1.030911823,0.950321100,2.503501729,1
rep-1,00-1-038,00,0,0,0.844924012,0.502216815,2.793713443,1.604529410,0.613870442,2.918197217,1
rep-1,00-1-039,00,0,0,0.844924012,0.481659376,2.249070311,1.457741914,1.101697001,2.006537107,1
rep-2,00-2-000,00,0,0,0.829743641,1.336984381,2.061290044,2.137438684,1.454603936,2.116600432,1
rep-2,00-2-001,00,0,0,0.829743641,-0.111959500,2.377304720,1.813768099,0.965402483,2.392783907,1
rep-2,00-2-002,00,0,0,0.829743641,0.358113832,2.143189524,1.721479121,0.789199679,2.618706761,1
rep-2,00-2-003,00,0,0,0.829743641,-1.283835079,1.203769537,1.261285165,-0.179532419,2.570031061,1
rep-2,00-2-004,00,0,0,0.829743641,-0.351117265,1.989495320,1.428528915,0.386712609,2.768165374,1
rep-2,00-2-005,00,0,0,0.829743641,-0.476138388,1.953787076,1.465294497,0.750656901,2.328899090,1
rep-2,00-2-006,00,0,0,0.829743641,-0.778942838,1.790911154,1.386047300,0.865523250,2.403360018,1
rep-2,00-2-007,00,0,0,0.829743641,-1.568899707,1.602103940,1.478629859,0.165490845,2.228563771,1
rep-2,00-2-008,00,0,0,0.829743641,-0.292427330,2.325845134,1.455468011,1.361409144,2.445024052,1
rep-2,00-2-009,00,0,0,0.829743641,-0.943436092,1.845772317,1.642661207,0.105585893,2.101242676,1
rep-2,00-2-010,00,0,0,0.829743641,-0.507926400,1.764953954,1.451639650,0.009543960,2.774146837,1
rep-2,00-2-011,00,0,0,0.829743641,0.449251781,2.357549852,1.825459227,1.095341706,2.415672734,1
rep-2,00-2-012,00,0,0,0.829743641,-0.835973885,2.193433215,0.797598212,-0.001084543,2.127154696,1
rep-2,00-2-013,00,0,0,0.829743641,-1.607412012,1.262086430,0.678741888,0.295341624,2.932272687,1
rep-2,00-2-014,00,0,0,0.829743641,0.003706596,1.639067743,1.347843509,0.887614095,2.331066557,1
rep-2,00-2-015,00,0,0,0.829743641,-0.104235424,2.197004627,1.366914811,1.855451664,2.215303150,1
rep-2,00-2-016,00,0,0,0.829743641,-0.753660403,1.681067981,1.366872064,0.441455556,2.068322058,1
rep-2,00-2-017,00,0,0,0.829743641,0.504342150,1.966712466,1.826026250,1.059606169,2.327583501,1
rep-2,00-2-018,00,0,0,0.829743641,-0.711275506,1.697873175,1.851233071,0.815281800,2.535084454,1
rep-2,00-2-019,00,0,0,0.829743641,0.135957599,1.658557741,1.196746307,1.191636159,2.399614788,1
rep-2,00-2-020,00,0,0,0.829743641,1.256074596,3.175682796,1.767064528,1.694335138,2.631449644,1
rep-2,00-2-021,00,0,0,0.829743641,-1.321378848,1.634882527,1.301703497,-0.044708100,2.412713146,1
rep-2,00-2-022,00,0,0,0.829743641,0.797665009,2.786800580,1.797330522,1.486681165,2.501405990,1
rep-2,00-2-023,00,0,0,0.829743641,0.677063630,2.811221104,1.418520358,0.795628557,2.098023086,1
rep-2,00-2-024,00,0,0,0.829743641,1.000600861,3.184054747,1.638366921,1.542280865,2.329486255,1
rep-2,00-2-025,00,0,0,0.829743641,-0.981242226,1.160162967,1.560135158,0.982647735,2.824609640,1
rep-2,00-2-026,00,0,0,0.829743641,-0.747389370,1.791736838,1.447590895,0.503161878,1.885055893,1
rep-2,00-2-027,00,0,0,0.829743641,-1.191869256,1.045189531,1.389294872,0.571826388,2.013308078,1
rep-2,00-2-028,00,0,0,0.829743641,-0.755288089,1.740702812,1.439978934,0.820424957,2.445898222,1
rep-2,00-2-029,00,0,0,0.829743641,-0.731571615,2.584211415,1.747488807,0.640975155,2.494463372,1
rep-2,00-2-030,00,0,0,0.829743641,0.662176746,2.523750470,1.855814769,1.528017054,2.222786769,1
rep-2,00-2-031,00,0,0,0.829743641,-0.832882320,1.422945819,1.212813604,0.045708897,2.077053862,1
rep-2,00-2-032,00,0,0,0.829743641,0.821297151,2.546724119,1.949536496,1.028611651,2.219789377,1
rep-2,00-2-033,00,0,0,0.829743641,0.462495952,1.765235235,1.543881867,1.686658593,2.358733700,1
rep-2,00-2-034,00,0,0,0.829743641,-1.613820111,1.774437904,0.691575349,0.219023038,2.428299680,1
rep-2,00-2-035,00,0,0,0.829743641,1.916339157,2.831656796,2.127330776,0.892923066,2.105470197,1
rep-2,00-2-036,00,0,0,0.829743641,-0.289738432,2.090868730,1.701337611,0.675103080,2.371067939,1
rep-2,00-2-037,00,0,0,0.829743641,0.282470262,2.060201169,1.690458926,1.148077548,2.659710825,1
rep-2,00-2-038,00,0,0,0.829743641,1.122609147,1.977310471,2.106658809,1.833598479,1.989862730,1
rep-2,00-2-039,00,0,0,0.829743641,-1.948579250,1.025057712,1.503075510,-0.235853392,2.624237147,1
rep-3,00-3-000,00,0,0,0.889889186,0.399301313,2.025463767,1.348471410,1.479676344,2.490314124,1
rep-3,00-3-001,00,0,0,0.889889186,-1.101946144,1.501370192,0.832687656,0.088677088,2.514689422,1
rep-3,00-3-002,00,0,0,0.889889186,0.048509047,2.160527656,1.008478381,1.419293163,2.457089829,1
rep-3,00-3-003,00,0,0,0.889889186,1.296098771,2.850772217,2.353202111,1.107747557,2.548281320,1
rep-3,00-3-004,00,0,0,0.889889186,-1.903247348,1.829386059,0.560275991,0.162499166,2.405120474,1
rep-3,00-3-005,00,0,0,0.889889186,2.489255135,2.691537543,2.394756610,2.004704090,2.847124956,1
rep-3,00-3-006,00,0,0,0.889889186,0.925265806,2.459708376,1.731244177,2.131185540,2.360712375,1
rep-3,00-3-007,00,0,0,0.889889186,0.105124559,1.659745876,1.606660681,2.124773422,2.730106826,1
rep-3,00-3-008,00,0,0,0.889889186,-1.237887380,2.170108291,0.691063165,0.755600750,2.097976072,1
rep-3,00-3-009,00,0,0,0.889889186,-0.630323738,2.377422898,1.258010764,0.716620080,2.482307440,1
rep-3,00-3-010,00,0,0,0.889889186,1.007355701,2.346851166,2.238552751,1.057089071,2.230473011,1
rep-3,00-3-011,00,0,0,0.889889186,1.206378662,2.362958195,1.753945349,1.347178401,2.407719526,1
rep-3,00-3-012,00,0,0,0.889889186,-0.992074024,1.980294255,1.089086257,1.078577209,2.615435462,1
rep-3,00-3-013,00,0,0,0.889889186,-1.901957050,1.237550571,0.727157196,0.340935791,2.258280454,1
rep-3,00-3-014,00,0,0,0.889889186,0.976484223,2.395398410,1.709862584,1.142352014,2.221437775,1
rep-3,00-3-015,00,0,0,0.889889186,-1.415034990,1.955424413,1.119688071,-0.136398581,2.214693023,1
rep-3,00-3-016,00,0,0,0.889889186,-0.598542041,1.885400937,1.013460995,0.681743776,2.078854931,1
rep-3,00-3-017,00,0,0,0.889889186,-0.383480149,1.183331529,1.056169542,0.863521672,2.278513875,1
rep-3,00-3-018,00,0,0,0.889889186,-0.895735126,1.701382099,1.272642886,0.141667025,2.040364648,1
rep-3,00-3-019,00,0,0,0.889889186,-0.163146547,2.054192801,1.607869314,0.950433593,2.328289876,1
rep-3,00-3-020,00,0,0,0.889889186,1.140851961,2.138936314,1.520191457,1.530016578,1.989270253,1
rep-3,00-3-021,00,0,0,0.889889186,1.684096193,2.289677157,1.744847004,1.945262245,2.001336838,1
rep-3,00-3-022,00,0,0,0.889889186,-3.326950907,0.553594798,0.871193388,-1.061618723,2.557841934,1
rep-3,00-3-023,00,0,0,0.889889186,0.390758764,2.256879069,1.503694426,1.190501455,2.732943001,1
rep-3,00-3-024,00,0,0,0.889889186,-1.023957115,1.472488157,1.284004687,0.624153981,2.438800518,1
rep-3,00-3-025,00,0,0,0.889889186,-0.592034516,1.645577824,1.134625799,0.995129515,2.506955384,1
rep-3,00-3-026,00,0,0,0.889889186,-1.304479772,2.090400918,1.513616792,0.137496912,2.322103090,1
rep-3,00-3-027,00,0,0,0.889889186,0.950178252,2.984116744,2.060534320,1.929603625,2.283322499,1
rep-3,00-3-028,00,0,0,0.889889186,-0.865978972,2.016867264,1.313692054,0.526520591,2.492102732,1
rep-3,00-3-029,00,0,0,0.889889186,0.109542497,1.408718405,1.327519998,1.395262563,2.722161506,1
rep-3,00-3-030,00,0,0,0.889889186,0.150110327,2.639404755,1.895946871,0.810941376,2.692996115,1
rep-3,00-3-031,00,0,0,0.889889186,0.516212524,2.137111936,1.456259688,1.673465409,2.500977241,1
rep-3,00-3-032,00,0,0,0.889889186,0.129214806,2.345984263,1.597888380,1.200787239,1.953830659,1
rep-3,00-3-033,00,0,0,0.889889186,0.666684493,2.447475258,1.540500117,0.372700366,2.493767904,1
rep-3,00-3-034,00,0,0,0.889889186,1.188235417,2.743775576,1.686425435,1.589552009,1.798515401,1
rep-3,00-3-035,00,0,0,0.889889186,0.650928602,1.838861275,1.644314089,1.626730915,2.621250922,1
rep-3,00-3-036,00,0,0,0.889889186,-0.010290291,2.239741954,1.760850318,1.239461916,2.476343787,1
rep-3,00-3-037,00,0,0,0.889889186,-0.187247671,1.710669624,1.630087168,0.960580679,2.201488760,1
rep-3,00-3-038,00,0,0,0.889889186,0.202128486,2.237153402,1.172595376,0.943403015,2.326261100,1
rep-3,00-3-039,00,0,0,0.889889186,-0.449154249,2.227055422,1.634131584,1.056982476,2.209932413,1
rep-4,00-4-000,00,0,0,0.805252419,1.324301829,2.660642649,1.421817877,2.223301444,2.395072920,1
rep-4,00-4-001,00,0,0,0.805252419,0.708076934,2.139134147,1.600027975,1.415236826,2.785344211,1
rep-4,00-4-002,00,0,0,0.805252419,-0.497454530,2.185818098,1.557585436,0.474738197,2.230492946,1
rep-4,00-4-003,00,0,0,0.805252419,0.130804393,1.535763065,1.612726122,2.057660582,2.420339626,1
rep-4,00-4-004,00,0,0,0.805252419,-0.556710528,1.490488301,1.159981081,0.795394916,2.403586140,1
rep-4,00-4-005,00,0,0,0.805252419,-0.935147322,1.924112829,1.213749229,0.973775578,2.325194826,1
rep-4,00-4-006,00,0,0,0.805252419,-0.372052937,1.977927779,0.974290636,0.628471401,2.475210769,1
rep-4,00-4-007,00,0,0,0.805252419,1.839629666,2.527732832,2.436694116,1.353504651,2.557920236,1
rep-4,00-4-008,00,0,0,0.805252419,-0.117827655,1.471172520,1.305050174,1.311573816,2.413492000,1
rep-4,00-4-009,00,0,0,0.805252419,-1.923669514,0.840393685,0.793845496,-0.363390315,2.173741013,1
rep-4,00-4-010,00,0,0,0.805252419,-1.843358376,1.084796253,1.218081354,0.019701930,2.516904443,1
rep-4,00-4-011,00,0,0,0.805252419,1.881430996,2.715515850,2.139031171,2.127238424,2.631308031,1
rep-4,00-4-012,00,0,0,0.805252419,-1.218818308,1.924446163,1.441103835,-0.158868360,2.821595810,1
rep-4,00-4-013,00,0,0,0.805252419,-0.137792810,1.243543529,1.846220595,1.024514040,2.826693869,1
rep-4,00-4-014,00,0,0,0.805252419,-0.288719716,1.895610961,1.231145683,0.801623113,2.039513193,1
rep-4,00-4-015,00,0,0,0.805252419,-0.878294533,1.508664430,1.274057549,-0.031595892,2.227122245,1
rep-4,00-4-016,00,0,0,0.805252419,-0.481593116,1.751079438,1.743752644,0.663576167,2.487361821,1
rep-4,00-4-017,00,0,0,0.805252419,-0.135180308,1.675842089,1.621245330,0.728282562,3.081191511,1
rep-4,00-4-018,00,0,0,0.805252419,0.262466348,1.198424817,1.411898648,0.920372069,2.284508146,1
rep-4,00-4-019,00,0,0,0.805252419,0.016957516,1.911874756,1.374976871,1.650459101,2.308573784,1
rep-4,00-4-020,00,0,0,0.805252419,-0.977249796,1.746956070,1.416123937,-0.323233032,2.423731070,1
rep-4,00-4-021,00,0,0,0.805252419,-0.227286092,1.612858157,1.613827330,1.134555764,2.216948069,1
rep-4,00-4-022,00,0,0,0.805252419,0.851160055,1.751913421,1.861323655,1.418754474,2.613977389,1
rep-4,00-4-023,00,0,0,0.805252419,-0.761695720,1.549451214,1.534915289,1.425888263,2.801090195,1
rep-4,00-4-024,00,0,0,0.805252419,-0.705047814,2.052965967,1.340928572,1.284385729,2.353975136,1
rep-4,00-4-025,00,0,0,0.805252419,-2.326482450,0.737421855,1.011068442,0.214698450,2.233915914,1
rep-4,00-4-026,00,0,0,0.805252419,0.039705699,1.935959629,1.560730202,1.079821951,1.815840238,1
rep-4,00-4-027,00,0,0,0.805252419,1.142907521,2.086374019,1.447831490,1.257834893,2.368227467,1
rep-4,00-4-028,00,0,0,0.805252419,0.188243918,1.773777695,1.588303907,1.037523526,2.151467548,1
rep-4,00-4-029,00,0,0,0.805252419,-1.459802159,1.392131389,0.869901960,0.321992840,2.524739757,1
rep-4,00-4-030,00,0,0,0.805252419,-1.995361346,1.042506361,0.679017090,0.125325763,2.506025707,1
rep-4,00-4-031,00,0,0,0.805252419,-0.676954143,1.756427665,0.858632318,0.705636532,2.267632793,1
rep-4,00-4-032,00,0,0,0.805252419,-0.190931062,2.419282186,1.443306212,0.944125356,2.490525692,1
rep-4,00-4-033,00,0,0,0.805252419,-0.749057618,1.326293125,1.726103682,0.548699170,2.731703917,1
rep-4,00-4-034,00,0,0,0.805252419,1.110665564,1.829161302,1.551819148,1.239216564,2.899858270,1
rep-4,00-4-035,00,0,0,0.805252419,-0.499171979,2.020321770,1.743373497,0.823233413,2.474036380,1
rep-4,00-4-036,00,0,0,0.805252419,-1.371876234,1.625328231,1.696092690,0.327842120,2.311316219,1
rep-4,00-4-037,00,0,0,0.805252419,0.967840100,2.581590867,1.401737064,1.562527992,2.137158209,1
rep-4,00-4-038,00,0,0,0.805252419,-0.851342552,1.704376566,1.029266421,0.878553146,2.358977043,1
rep-4,00-4-039,00,0,0,0.805252419,-2.371229348,0.876077546,0.986874389,-0.230973193,2.688792223,1
rep-1,10-1-000,10,1,0,0.896167736,0.797636068,3.554506622,2.363259326,1.358149806,2.451500417,1
rep-1,10-1-001,10,1,0,0.896167736,-1.571430870,1.855208142,0.876851163,0.135867276,2.451638075,1
rep-1,10-1-002,10,1,0,0.896167736,-0.511846154,3.275279736,1.928686787,1.037367897,2.197667664,1
rep-1,10-1-003,10,1,0,0.896167736,0.795436072,3.127282393,2.068831311,1.501404334,2.405358977,1
rep-1,10-1-004,10,1,0,0.896167736,0.428239506,3.529566329,2.048910177,1.463213850,2.256845824,1
rep-1,10-1-005,10,1,0,0.896167736,0.179719863,2.667164115,1.254048558,1.116360537,2.280393751,1
rep-1,10-1-006,10,1,0,0.896167736,0.813786561,3.240242184,2.060718979,1.006801111,2.442642531,1
rep-1,10-1-007,10,1,0,0.896167736,-0.741567682,2.803830713,1.540643269,0.158193743,2.598051366,1
rep-1,10-1-008,10,1,0,0.896167736,-0.673869536,2.430031834,1.062683191,0.936983628,2.736076192,1
rep-1,10-1-009,10,1,0,0.896167736,-0.611621336,2.935452380,1.245364479,0.917951788,2.675708513,1
rep-1,10-1-010,10,1,0,0.896167736,1.711818699,3.671439655,2.414546602,1.414636724,2.448720035,1
rep-1,10-1-011,10,1,0,0.896167736,-0.397221958,2.949278170,1.528392081,1.278674922,2.549228865,1
rep-1,10-1-012,10,1,0,0.896167736,-0.753653638,2.771096629,0.789699568,-0.252598225,2.134399766,1
rep-1,10-1-013,10,1,0,0.896167736,1.278821535,3.354356923,2.333313179,1.304187773,2.573735084,1
rep-1,10-1-014,10,1,0,0.896167736,-1.165061289,2.877211765,1.494127275,-0.144526574,2.565511975,1
rep-1,10-1-015,10,1,0,0.896167736,-0.116038230,3.685549388,1.550759797,0.966154422,2.577676910,1
rep-1,10-1-016,10,1,0,0.896167736,2.171044934,4.336701741,2.520150681,1.885099766,2.644314162,1
rep-1,10-1-017,10,1,0,0.896167736,-0.556395807,2.295462176,1.343878975,0.449167164,2.363753531,1
rep-1,10-1-018,10,1,0,0.896167736,-0.548953558,2.943806319,1.454873371,0.783721074,2.674955019,1
rep-1,10-1-019,10,1,0,0.896167736,1.040370547,3.092319269,1.596207624,1.141013683,2.501734504,1
rep-1,10-1-020,10,1,0,0.896167736,-0.211006757,3.024849569,1.049927106,1.335616222,2.812583990,1
rep-1,10-1-021,10,1,0,0.896167736,-0.047248413,3.080740113,1.178576974,0.918838026,2.166329658,1
rep-1,10-1-022,10,1,0,0.896167736,-0.436659516,2.972376916,1.629212974,0.854653517,2.220397885,1
rep-1,10-1-023,10,1,0,0.896167736,-0.439877475,2.817717764,1.329690923,0.649835937,2.673225743,1
rep-1,10-1-024,10,1,0,0.896167736,0.131292731,2.687206880,1.456848382,1.530404222,2.344053512,1
rep-1,10-1-025,10,1,0,0.896167736,-1.118713430,2.392180256,1.015645063,0.515334163,2.649684968,1
rep-1,10-1-026,10,1,0,0.896167736,1.184447724,3.741901180,1.767220160,0.999082908,2.953097248,1
rep-1,10-1-027,10,1,0,0.896167736,1.088988660,3.950194935,1.358823994,1.178002872,2.627300185,1
rep-1,10-1-028,10,1,0,0.896167736,0.333020333,2.652004345,1.417218455,1.810073091,2.443028396,1
rep-1,10-1-029,10,1,0,0.896167736,1.031801757,4.023538567,1.552517798,1.862499537,2.766822797,1
rep-1,10-1-030,10,1,0,0.896167736,-0.839641942,2.250936741,1.524413378,-0.091956758,2.737122949,1
rep-1,10-1-031,10,1,0,0.896167736,-1.124547303,2.582333061,1.007582443,0.418189870,2.436625701,1
rep-1,10-1-032,10,1,0,0.896167736,0.406276827,2.852441781,2.378491861,0.948178751,2.468708099,1
rep-1,10-1-033,10,1,0,0.896167736,-0.219319862,2.879557613,1.061646526,0.919672554,2.790020066,1
rep-1,10-1-034,10,1,0,0.896167736,0.036606644,2.695583986,2.007067896,0.728867708,2.476574626,1
rep-1,10-1-035,10,1,0,0.896167736,-1.129287166,2.834423105,1.110878903,0.411137892,2.570355316,1
rep-1,10-1-036,10,1,0,0.896167736,0.713137494,2.860876491,1.794387959,1.698016580,2.387808683,1
rep-1,10-1-037,10,1,0,0.896167736,-0.500140052,2.850740369,0.953437445,1.143512886,2.793321847,1
rep-1,10-1-038,10,1,0,0.896167736,-0.615164084,2.652877002,1.264774783,0.394384473,2.476329602,1
rep-1,10-1-039,10,1,0,0.896167736,-1.336002188,1.966542658,0.713997708,-0.365870839,2.611502568,1
rep-2,10-2-000,10,1,0,0.768261131,-1.180312505,2.317469698,0.646565868,0.787700802,2.866163306,1
rep-2,10-2-001,10,1,0,0.768261131,-1.137526521,1.753191199,1.199617764,0.797522091,3.058464249,1
rep-2,10-2-002,10,1,0,0.768261131,0.344165316,2.888689274,1.421560586,1.528056760,2.222824698,1
rep-2,10-2-003,10,1,0,0.768261131,-0.595813898,2.882793899,1.335843171,0.901945802,2.835563045,1
rep-2,10-2-004,10,1,0,0.768261131,2.252753713,4.280157678,1.941919878,2.354372682,2.421120183,1
rep-2,10-2-005,10,1,0,0.768261131,0.896673537,3.612752569,1.764460609,1.000025236,1.751242470,1
rep-2,10-2-006,10,1,0,0.768261131,0.453340331,2.726647859,1.438460787,1.599764178,2.757101025,1
rep-2,10-2-007,10,1,0,0.768261131,0.879549137,3.772938322,1.820764046,1.516086345,2.603846732,1
rep-2,10-2-008,10,1,0,0.768261131,0.561501930,3.327091662,1.293633641,1.014819590,2.831141183,1
rep-2,10-2-009,10,1,0,0.768261131,0.695113553,3.245831310,1.712804445,1.377465108,2.629248034,1
rep-2,10-2-010,10,1,0,0.768261131,-1.583996546,1.920525872,1.543083398,0.957256156,2.487079171,1
rep-2,10-2-011,10,1,0,0.768261131,0.481209293,3.367146186,1.505222881,0.660027525,3.104186745,1
rep-2,10-2-012,10,1,0,0.768261131,-0.128933306,2.994556544,1.668932981,0.895128022,2.985010346,1
rep-2,10-2-013,10,1,0,0.768261131,-0.024418037,2.772581565,1.755170919,0.680816202,3.071049763,1
rep-2,10-2-014,10,1,0,0.768261131,-1.188704042,2.743417572,1.101231110,-0.015877064,2.445933522,1
rep-2,10-2-015,10,1,0,0.768261131,0.057918233,2.574225198,1.030329112,1.248953846,2.582182037,1
rep-2,10-2-016,10,1,0,0.768261131,-1.603132859,2.531752040,1.121848518,0.031000916,2.549260920,1
rep-2,10-2-017,10,1,0,0.768261131,-1.411632869,2.227005725,1.068025753,-0.136846622,2.522243385,1
rep-2,10-2-018,10,1,0,0.768261131,1.533501742,3.704729934,1.973617711,1.402172824,2.487175648,1
rep-2,10-2-019,10,1,0,0.768261131,0.027676717,2.843261179,1.405277413,1.342839879,2.617196576,1
rep-2,10-2-020,10,1,0,0.768261131,1.136991603,3.854126521,1.192240179,0.594956076,2.724314166,1
rep-2,10-2-021,10,1,0,0.768261131,-0.754701699,2.759373329,1.709851353,0.462673848,2.713718350,1
rep-2,10-2-022,10,1,0,0.768261131,0.949263156,3.260237066,2.177483753,1.009242985,2.467344505,1
rep-2,10-2-023,10,1,0,0.768261131,0.964536418,3.713229364,2.266566939,1.983366880,3.077818230,1
rep-2,10-2-024,10,1,0,0.768261131,0.214461916,2.723757055,1.950877593,0.840097229,2.593955059,1
rep-2,10-2-025,10,1,0,0.768261131,0.571548062,3.767513628,2.138429868,1.711236924,2.406790633,1
rep-2,10-2-026,10,1,0,0.768261131,-1.153996126,2.406497332,0.657529616,0.675890497,2.571323986,1
rep-2,10-2-027,10,1,0,0.768261131,2.204917305,3.621661821,1.705059790,2.504930948,2.661989475,1
rep-2,10-2-028,10,1,0,0.768261131,0.359901640,2.964538923,1.423009361,1.469853381,2.797932627,1
rep-2,10-2-029,10,1,0,0.768261131,0.312882915,3.136855628,1.104482466,0.870307306,2.339891408,1
rep-2,10-2-030,10,1,0,0.768261131,-0.122417750,3.116393687,1.647457855,0.797659528,2.849013116,1
rep-2,10-2-031,10,1,0,0.768261131,0.260233492,3.460569403,2.118316770,1.221159958,2.211330239,1
rep-2,10-2-032,10,1,0,0.768261131,0.066595424,3.469010001,1.641484574,0.110894712,2.411954805,1
rep-2,10-2-033,10,1,0,0.768261131,1.157377871,3.565238260,1.941469019,1.109776916,3.139915947,1
rep-2,10-2-034,10,1,0,0.768261131,-1.473612745,2.392006574,0.675567848,-0.216663224,2.729293348,1
rep-2,10-2-035,10,1,0,0.768261131,-1.504927454,2.227258056,1.296354653,0.612709523,2.408415750,1
rep-2,10-2-036,10,1,0,0.768261131,0.165895926,2.906708570,1.123852691,0.940459787,2.950153383,1
rep-2,10-2-037,10,1,0,0.768261131,-1.048920476,2.236115587,1.201820067,0.520323552,2.463937349,1
rep-2,10-2-038,10,1,0,0.768261131,-1.519780770,2.398060992,0.773892308,0.162136413,2.409286700,1
rep-2,10-2-039,10,1,0,0.768261131,-1.279912495,2.541139875,1.358556903,0.430112075,2.189051774,1
rep-3,10-3-000,10,1,0,0.855256073,-0.768987528,2.650210800,1.125900529,0.303405832,2.612346765,1
rep-3,10-3-001,10,1,0,0.855256073,-0.296760841,3.485175951,1.454064477,1.177582566,2.833054588,1
rep-3,10-3-002,10,1,0,0.855256073,1.750316946,3.999973602,2.161639100,2.513283492,2.329533953,1
rep-3,10-3-003,10,1,0,0.855256073,0.910741914,2.922882069,1.567279232,1.239924836,2.250432052,1
rep-3,10-3-004,10,1,0,0.855256073,0.249825343,2.894653411,2.012974011,1.767079190,2.474438099,1
rep-3,10-3-005,10,1,0,0.855256073,-1.295188579,3.052212402,0.687791397,-0.106265741,2.426638833,1
rep-3,10-3-006,10,1,0,0.855256073,-0.214588789,2.873803327,1.279027011,0.894072474,2.449393196,1
rep-3,10-3-007,10,1,0,0.855256073,-0.561093498,2.730228969,1.806770679,0.765704784,3.141716241,1
rep-3,10-3-008,10,1,0,0.855256073,1.472602234,3.746840280,1.383354147,2.667838484,2.910218788,1
rep-3,10-3-009,10,1,0,0.855256073,0.750843755,2.791173660,1.826619646,1.329676552,2.322734135,1
rep-3,10-3-010,10,1,0,0.855256073,-1.061730312,2.442410401,1.603847619,0.282333515,2.653034448,1
rep-3,10-3-011,10,1,0,0.855256073,1.372329079,3.221475264,1.749126344,1.616872834,3.300645894,1
rep-3,10-3-012,10,1,0,0.855256073,0.706509660,3.143175380,1.281335241,1.700674399,2.357323948,1
rep-3,10-3-013,10,1,0,0.855256073,0.612905281,2.948960887,1.653777305,1.431179453,2.122689847,1
rep-3,10-3-014,10,1,0,0.855256073,1.089109147,3.114548339,1.825723628,1.463201369,2.515671120,1
rep-3,10-3-015,10,1,0,0.855256073,1.033330034,3.489470268,1.829797051,0.890059073,2.769990041,1
rep-3,10-3-016,10,1,0,0.855256073,0.246018682,2.721084801,1.185998096,0.882285243,2.883503044,1
rep-3,10-3-017,10,1,0,0.855256073,0.499758046,3.134356656,1.272368365,1.567550159,2.897949523,1
rep-3,10-3-018,10,1,0,0.855256073,1.232200017,3.252064272,1.984706301,1.771196621,2.553606743,1
rep-3,10-3-019,10,1,0,0.855256073,-1.773088154,2.364283314,1.022574556,0.620425643,2.576883953,1
rep-3,10-3-020,10,1,0,0.855256073,0.831970193,2.899365708,1.986866678,1.558352868,2.559379730,1
rep-3,10-3-021,10,1,0,0.855256073,-2.141100581,1.432604940,1.193162368,0.314711138,2.657713036,1
rep-3,10-3-022,10,1,0,0.855256073,2.078216926,3.924747727,1.974467791,2.445266610,2.806252932,1
rep-3,10-3-023,10,1,0,0.855256073,0.951790333,2.639012162,1.509795998,1.074251169,2.976604207,1
rep-3,10-3-024,10,1,0,0.855256073,0.643547979,2.572171919,1.536241609,1.371998682,2.640061694,1
rep-3,10-3-025,10,1,0,0.855256073,-1.313794349,2.577462621,0.952787130,0.206625560,2.495677154,1
rep-3,10-3-026,10,1,0,0.855256073,1.007430629,3.447077416,1.915124926,1.695610549,2.863743283,1
rep-3,10-3-027,10,1,0,0.855256073,0.311656445,3.240223504,1.352607191,1.112350029,2.184755050,1
rep-3,10-3-028,10,1,0,0.855256073,-0.548566529,2.310658036,0.939907589,0.410275935,2.477888838,1
rep-3,10-3-029,10,1,0,0.855256073,-2.533984354,1.570139164,0.613083827,-0.069251857,2.211080376,1
rep-3,10-3-030,10,1,0,0.855256073,-0.453978771,2.596525780,1.485402207,1.215665152,2.871950561,1
rep-3,10-3-031,10,1,0,0.855256073,-0.005483029,3.426460075,1.838070560,1.006450231,2.777406434,1
rep-3,10-3-032,10,1,0,0.855256073,-0.269929272,3.113766885,1.868369173,1.503985867,2.778845358,1
rep-3,10-3-033,10,1,0,0.855256073,0.495135953,2.880580377,2.063678304,1.556701813,2.702792020,1
rep-3,10-3-034,10,1,0,0.855256073,-1.372311634,1.734357910,0.668427250,0.789544823,2.876596595,1
rep-3,10-3-035,10,1,0,0.855256073,-0.297728782,2.625320851,1.636550994,0.856070327,2.734052398,1
rep-3,10-3-036,10,1,0,0.855256073,0.109275060,2.978450904,1.329078201,1.581971648,2.663826352,1
rep-3,10-3-037,10,1,0,0.855256073,0.057035385,3.427075006,1.214807801,0.879031375,2.870359212,1
rep-3,10-3-038,10,1,0,0.855256073,0.061255592,2.723113068,1.792370347,1.210754724,2.405433826,1
rep-3,10-3-039,10,1,0,0.855256073,1.239658884,3.384733761,1.738685629,1.926193852,2.736848828,1
rep-4,10-4-000,10,1,0,0.838656568,-0.847662071,3.458587647,1.499234895,1.050878547,2.351439041,1
rep-4,10-4-001,10,1,0,0.838656568,0.686963355,3.074686461,0.935514670,1.639988869,2.787999682,1
rep-4,10-4-002,10,1,0,0.838656568,0.018706817,3.500792128,1.319468232,1.793844614,2.631673074,1
rep-4,10-4-003,10,1,0,0.838656568,1.464567500,3.454909357,1.922909400,1.183545694,2.384047876,1
rep-4,10-4-004,10,1,0,0.838656568,-1.046823282,3.147931742,0.872119749,0.378023958,2.768185530,1
rep-4,10-4-005,10,1,0,0.838656568,0.381017554,3.307374725,1.890599501,1.025271886,2.322637670,1
rep-4,10-4-006,10,1,0,0.838656568,-0.678642812,2.751266312,1.082404285,0.314208528,2.646146013,1
rep-4,10-4-007,10,1,0,0.838656568,-1.348405203,2.260326673,1.771594115,0.164033974,2.689643264,1
rep-4,10-4-008,10,1,0,0.838656568,1.126753327,2.755656012,1.827677388,1.859536911,2.201031627,1
rep-4,10-4-009,10,1,0,0.838656568,1.651390751,4.049064335,1.985891617,1.738077299,2.787728751,1
rep-4,10-4-010,10,1,0,0.838656568,0.775436558,3.451641124,1.470499078,0.726245559,2.335197727,1
rep-4,10-4-011,10,1,0,0.838656568,-0.638964979,3.014250296,1.028954908,0.355369526,2.469181711,1
rep-4,10-4-012,10,1,0,0.838656568,0.643489175,3.321919329,1.780252321,1.692901917,2.579463427,1
rep-4,10-4-013,10,1,0,0.838656568,-1.210990766,2.308275101,0.853611885,0.597761846,2.767704399,1
rep-4,10-4-014,10,1,0,0.838656568,-0.697117203,2.675770608,1.576245569,0.637479572,2.546284518,1
rep-4,10-4-015,10,1,0,0.838656568,0.943167908,2.994399751,1.974532894,1.900909615,2.972323461,1
rep-4,10-4-016,10,1,0,0.838656568,-0.713653760,3.094371487,1.089080196,0.593198401,2.627437270,1
rep-4,10-4-017,10,1,0,0.838656568,-0.389888799,3.009160924,1.155818267,1.048452485,2.500722853,1
rep-4,10-4-018,10,1,0,0.838656568,-0.547610392,2.263645381,1.196941222,0.349094412,2.230905615,1
rep-4,10-4-019,10,1,0,0.838656568,-2.240727796,2.426951512,1.119649654,-0.693579767,3.020063995,1
rep-4,10-4-020,10,1,0,0.838656568,-0.791528027,2.666775703,1.170206398,0.082605378,2.641863883,1
rep-4,10-4-021,10,1,0,0.838656568,-0.761108183,2.001265333,1.468829916,0.833093680,2.195814123,1
rep-4,10-4-022,10,1,0,0.838656568,1.119334792,2.780921803,1.830118744,1.134152102,2.833384548,1
rep-4,10-4-023,10,1,0,0.838656568,-0.826887925,2.633177755,1.562603099,0.195277592,2.759217417,1
rep-4,10-4-024,10,1,0,0.838656568,0.210637659,3.291890208,1.168755891,0.421084680,2.656198705,1
rep-4,10-4-025,10,1,0,0.838656568,0.804902267,2.890628330,2.025126332,1.670695015,2.260305944,1
rep-4,10-4-026,10,1,0,0.838656568,-1.089243453,3.006973194,1.577716327,1.090810478,2.992497956,1
rep-4,10-4-027,10,1,0,0.838656568,-1.034577744,3.280042201,0.927079288,0.481472702,2.134600725,1
rep-4,10-4-028,10,1,0,0.838656568,-0.900110057,2.305440293,1.976145018,0.372117204,2.583105279,1
rep-4,10-4-029,10,1,0,0.838656568,0.302417261,3.015210785,2.131343662,1.420213128,2.669450308,1
rep-4,10-4-030,10,1,0,0.838656568,-1.802126199,2.362310368,1.234657954,0.221708949,2.605110060,1
rep-4,10-4-031,10,1,0,0.838656568,-0.578542827,2.624830324,1.265397906,1.089093524,2.620661332,1
rep-4,10-4-032,10,1,0,0.838656568,-0.134931696,3.414597487,1.859207462,1.159613488,2.504766079,1
rep-4,10-4-033,10,1,0,0.838656568,-1.016424267,2.752831762,0.595236340,0.105587250,2.679725973,1
rep-4,10-4-034,10,1,0,0.838656568,0.170800830,3.284202734,1.666524337,1.270467074,2.311962369,1
rep-4,10-4-035,10,1,0,0.838656568,-1.524827428,2.334165218,1.204410311,-0.267060556,2.572061552,1
rep-4,10-4-036,10,1,0,0.838656568,-0.305250015,2.807532345,1.128842531,1.041064802,2.737654469,1
rep-4,10-4-037,10,1,0,0.838656568,0.861720701,3.728434040,1.918294464,0.951744145,2.356912061,1
rep-4,10-4-038,10,1,0,0.838656568,1.342369614,3.603919987,1.803533990,2.217933655,2.413584935,1
rep-4,10-4-039,10,1,0,0.838656568,0.394462438,3.464696377,2.094979907,0.489387324,2.311659732,1
rep-1,01-1-000,01,0,1,0.837561287,1.043100530,2.457140372,1.265638269,1.373313594,2.105815826,1
rep-1,01-1-001,01,0,1,0.837561287,-1.378533918,1.265700246,0.239228429,0.394229501,2.097344353,1
rep-1,01-1-002,01,0,1,0.837561287,1.231763333,2.560729650,1.388997057,2.066750453,1.677371446,1
rep-1,01-1-003,01,0,1,0.837561287,-1.290516313,1.699623432,0.347506627,0.780725304,1.900187110,1
rep-1,01-1-004,01,0,1,0.837561287,0.119157540,1.148719968,0.873732937,0.845186409,2.401250167,1
rep-1,01-1-005,01,0,1,0.837561287,0.218344638,1.828445946,0.798348271,1.330947806,2.247201490,1
rep-1,01-1-006,01,0,1,0.837561287,0.024720497,2.549866040,0.882255264,0.778710761,2.196470932,1
rep-1,01-1-007,01,0,1,0.837561287,-0.361131872,1.885525888,0.981828638,1.008696132,1.772608222,1
rep-1,01-1-008,01,0,1,0.837561287,0.096359976,1.839260364,1.361055039,1.207220384,2.140550478,1
rep-1,01-1-009,01,0,1,0.837561287,-0.492222934,1.284254448,0.751389542,0.760801814,2.230669575,1
rep-1,01-1-010,01,0,1,0.837561287,1.091020155,1.875328921,1.633444264,2.108785728,2.183621613,1
rep-1,01-1-011,01,0,1,0.837561287,0.264405563,2.302261940,0.323445189,0.819043606,2.405095269,1
rep-1,01-1-012,01,0,1,0.837561287,-0.821485883,1.479493862,0.600066400,0.956634929,2.218300513,1
rep-1,01-1-013,01,0,1,0.837561287,0.110447266,2.090084067,0.821691285,0.022213090,2.097212672,1
rep-1,01-1-014,01,0,1,0.837561287,-1.755455570,1.473374276,0.470679560,-0.034265237,2.094137650,1
rep-1,01-1-015,01,0,1,0.837561287,0.699273854,2.409898835,1.364833591,1.953143882,1.956341884,1
rep-1,01-1-016,01,0,1,0.837561287,-0.356712959,1.511254128,1.089293395,1.183024092,2.026185909,1
rep-1,01-1-017,01,0,1,0.837561287,0.417366869,2.222355929,0.770522673,1.024016753,1.845867106,1
rep-1,01-1-018,01,0,1,0.837561287,-0.276057886,1.975497116,-0.060173755,0.375832549,2.149617714,1
rep-1,01-1-019,01,0,1,0.837561287,-0.516855067,1.353694276,0.682097691,0.328808637,1.812897475,1
rep-1,01-1-020,01,0,1,0.837561287,0.231154486,2.207965701,1.096890916,0.145724982,1.910385043,1
rep-1,01-1-021,01,0,1,0.837561287,-0.667796021,2.029801508,1.124200825,1.392992130,1.702123211,1
rep-1,01-1-022,01,0,1,0.837561287,0.643141541,2.441935058,1.466522793,0.784992470,2.046272510,1
rep-1,01-1-023,01,0,1,0.837561287,-0.656217119,1.636579519,1.194591701,0.622056059,2.024343838,1
rep-1,01-1-024,01,0,1,0.837561287,1.366104143,2.493496057,1.227394149,1.949512595,1.668694342,1
rep-1,01-1-025,01,0,1,0.837561287,1.229477188,2.210619535,0.805554307,1.115585018,1.593767958,1
rep-1,01-1-026,01,0,1,0.837561287,0.642375562,2.437128873,1.366987150,1.545600468,1.940614897,1
rep-1,01-1-027,01,0,1,0.837561287,-1.081679835,1.628224990,0.735646599,-0.182614563,1.909818292,1
rep-1,01-1-028,01,0,1,0.837561287,1.837055049,3.463456166,0.776033078,1.454384299,2.220869466,1
rep-1,01-1-029,01,0,1,0.837561287,0.426278459,1.984274493,0.696363495,1.203383498,1.551673204,1
rep-1,01-1-030,01,0,1,0.837561287,-0.974347724,1.197942027,0.399502764,0.378048613,1.921818237,1
rep-1,01-1-031,01,0,1,0.837561287,0.087176357,2.043375992,0.468649700,1.145418089,1.783604472,1
rep-1,01-1-032,01,0,1,0.837561287,0.507745708,2.687375230,0.610662946,1.211044002,2.243269041,1
rep-1,01-1-033,01,0,1,0.837561287,-0.122530073,1.792962641,0.377840280,0.881928990,2.397403629,1
rep-1,01-1-034,01,0,1,0.837561287,-1.039999126,1.579971443,0.769818223,0.267031600,1.971393827,1
rep-1,01-1-035,01,0,1,0.837561287,-0.041949594,1.793037007,0.535891679,0.727741835,2.703753920,1
rep-1,01-1-036,01,0,1,0.837561287,-0.687869359,1.781631264,0.182375436,0.478116847,2.773753257,1
rep-1,01-1-037,01,0,1,0.837561287,-0.103130560,1.842628086,0.956909109,1.491571174,2.230013884,1
rep-1,01-1-038,01,0,1,0.837561287,-1.074549976,1.355900279,0.242896239,0.475548387,2.012764816,1
rep-1,01-1-039,01,0,1,0.837561287,0.102412227,1.497256818,0.700002602,1.579814832,2.216302751,1
rep-2,01-2-000,01,0,1,0.845448170,-1.570958542,1.622087391,-0.050409049,0.171979174,2.152687658,1
rep-2,01-2-001,01,0,1,0.845448170,-0.876131359,1.352217381,0.239021559,0.412231665,2.186720409,1
rep-2,01-2-002,01,0,1,0.845448170,1.642187047,2.089002307,1.097306935,1.834951040,2.078384987,1
rep-2,01-2-003,01,0,1,0.845448170,0.373860957,2.707868315,0.775484934,1.467008934,1.815851816,1
rep-2,01-2-004,01,0,1,0.845448170,1.317346144,2.850550770,1.006540023,1.477902654,1.859421219,1
rep-2,01-2-005,01,0,1,0.845448170,-1.092677490,1.952580044,0.365610384,-0.088650460,1.695768992,1
rep-2,01-2-006,01,0,1,0.845448170,0.960184516,2.242367194,0.984229646,0.853055277,2.122287958,1
rep-2,01-2-007,01,0,1,0.845448170,1.231464935,2.047788020,1.103212341,0.838794181,2.167704187,1
rep-2,01-2-008,01,0,1,0.845448170,-0.653469969,1.326221178,1.052735089,0.308772206,2.249188365,1
rep-2,01-2-009,01,0,1,0.845448170,1.225947387,2.519260637,0.947763063,0.925399707,2.077682060,1
rep-2,01-2-010,01,0,1,0.845448170,-1.360076230,2.032611723,0.225507167,0.076894311,2.692646433,1
rep-2,01-2-011,01,0,1,0.845448170,2.537375106,3.197261979,1.500089692,1.883794684,1.915757108,1
rep-2,01-2-012,01,0,1,0.845448170,2.173727471,2.981827516,1.539128300,1.753688019,2.069122647,1
rep-2,01-2-013,01,0,1,0.845448170,1.418538754,3.344621558,1.087695321,2.099739394,2.621129410,1
rep-2,01-2-014,01,0,1,0.845448170,-0.292420619,1.834756501,0.488978877,1.180149611,2.000916450,1
rep-2,01-2-015,01,0,1,0.845448170,-0.120139551,1.829294624,0.934652139,0.872614432,2.266399213,1
rep-2,01-2-016,01,0,1,0.845448170,1.075480870,2.111252662,1.447842304,1.333184421,1.958869064,1
rep-2,01-2-017,01,0,1,0.845448170,0.729140809,2.902792309,0.678804232,1.312546273,2.625420643,1
rep-2,01-2-018,01,0,1,0.845448170,-0.869496053,1.610475968,0.078018068,0.207087919,1.692808118,1
rep-2,01-2-019,01,0,1,0.845448170,-1.147647930,1.357664657,0.742654833,0.639941308,2.340608999,1
rep-2,01-2-020,01,0,1,0.845448170,0.600870597,2.035085680,1.361810751,1.285705763,1.940719872,1
rep-2,01-2-021,01,0,1,0.845448170,0.010428942,2.203625528,0.706660243,0.487340876,2.045613810,1
rep-2,01-2-022,01,0,1,0.845448170,-0.234037638,1.986515217,0.300035651,2.042912851,1.974492067,1
rep-2,01-2-023,01,0,1,0.845448170,0.593595475,2.591293248,0.638843191,1.845446715,1.535654396,1
rep-2,01-2-024,01,0,1,0.845448170,-2.396880832,0.790045808,-0.682031879,-0.630370842,2.199989229,1
rep-2,01-2-025,01,0,1,0.845448170,-0.044417162,1.328898552,0.526380809,1.093813751,1.669162216,1
rep-2,01-2-026,01,0,1,0.845448170,-1.995493642,1.422359442,0.383514195,-0.533537480,2.216962041,1
rep-2,01-2-027,01,0,1,0.845448170,-0.273223168,2.413638931,0.426011651,0.786752108,2.202106300,1
rep-2,01-2-028,01,0,1,0.845448170,0.347341647,1.728388052,1.183690894,0.993116423,2.358524552,1
rep-2,01-2-029,01,0,1,0.845448170,-1.952825765,1.884798548,-0.409797474,-0.182216855,2.282076501,1
rep-2,01-2-030,01,0,1,0.845448170,-0.703785820,1.303052550,0.510473621,1.284078039,1.757331695,1
rep-2,01-2-031,01,0,1,0.845448170,-1.070245058,1.401051022,0.991646031,0.520148258,2.085418731,1
rep-2,01-2-032,01,0,1,0.845448170,-1.076443242,2.200101080,0.435452496,0.871287106,2.062131043,1
rep-2,01-2-033,01,0,1,0.845448170,0.615308304,2.674011258,0.938717120,2.188499841,2.310151602,1
rep-2,01-2-034,01,0,1,0.845448170,0.701052675,2.248783802,0.962731456,1.423951356,2.282834058,1
rep-2,01-2-035,01,0,1,0.845448170,0.482927901,1.804263515,1.184422396,1.650925032,1.915702306,1
rep-2,01-2-036,01,0,1,0.845448170,1.149476179,2.102075841,1.117444852,0.512081574,2.173868838,1
rep-2,01-2-037,01,0,1,0.845448170,-0.348692717,2.094926066,0.755502825,0.337592327,2.562157202,1
rep-2,01-2-038,01,0,1,0.845448170,-1.380220162,1.716077919,0.081413220,0.477298249,2.328666204,1
rep-2,01-2-039,01,0,1,0.845448170,-0.250210464,1.981207465,0.853273094,0.665310374,2.125323981,1
rep-3,01-3-000,01,0,1,0.884826397,-0.287669948,1.820931506,0.314899373,1.180877059,1.984578419,1
rep-3,01-3-001,01,0,1,0.884826397,0.752736222,2.351626320,1.482427804,1.212959389,1.919715055,1
rep-3,01-3-002,01,0,1,0.884826397,-0.585803783,1.828813802,0.070549219,-0.105541144,2.322281429,1
rep-3,01-3-003,01,0,1,0.884826397,-1.968744854,1.605456365,0.193250488,-0.001088446,2.387922082,1
rep-3,01-3-004,01,0,1,0.884826397,-0.184668827,2.086400635,0.692827479,0.773324973,2.465543184,1
rep-3,01-3-005,01,0,1,0.884826397,-0.184412587,2.012811838,0.571603810,0.483614835,2.029190567,1
rep-3,01-3-006,01,0,1,0.884826397,-0.396347307,2.025417308,1.089344839,0.604954345,2.127028257,1
rep-3,01-3-007,01,0,1,0.884826397,0.297276829,2.166210850,0.715878232,0.838431149,2.304903019,1
rep-3,01-3-008,01,0,1,0.884826397,-0.380769127,1.492351189,0.800912987,0.931010434,2.389497547,1
rep-3,01-3-009,01,0,1,0.884826397,-0.376998275,1.916556134,1.360153265,1.298715550,2.574878081,1
rep-3,01-3-010,01,0,1,0.884826397,0.859765593,2.452160448,1.050150953,0.928105092,2.460122215,1
rep-3,01-3-011,01,0,1,0.884826397,0.123148738,1.986888602,0.561855398,1.142418570,2.330143121,1
rep-3,01-3-012,01,0,1,0.884826397,-0.169240787,1.697683440,1.039164345,0.602781538,1.962205711,1
rep-3,01-3-013,01,0,1,0.884826397,0.595694821,2.365653011,1.041105086,1.016206042,2.505222452,1
rep-3,01-3-014,01,0,1,0.884826397,-0.251048734,1.653632259,0.910924373,1.295740260,2.126403875,1
rep-3,01-3-015,01,0,1,0.884826397,-1.251767422,1.455653969,-0.261429657,0.015244679,1.961007128,1
rep-3,01-3-016,01,0,1,0.884826397,2.523632044,3.121510590,1.208769979,1.615798651,1.898011619,1
rep-3,01-3-017,01,0,1,0.884826397,-0.275116183,2.009809734,0.699445984,1.088622544,1.981259078,1
rep-3,01-3-018,01,0,1,0.884826397,0.188252188,2.088934834,0.958532529,0.409466797,1.941271646,1
rep-3,01-3-019,01,0,1,0.884826397,0.271557606,1.897256442,1.057561951,1.425556202,2.063995303,1
rep-3,01-3-020,01,0,1,0.884826397,-0.696548184,1.510086798,0.698492433,0.805625723,1.975593146,1
rep-3,01-3-021,01,0,1,0.884826397,-1.769570052,1.488721269,0.438817120,-0.256605698,2.342938743,1
rep-3,01-3-022,01,0,1,0.884826397,0.190561350,1.564694568,0.352110699,1.793946267,2.443944660,1
rep-3,01-3-023,01,0,1,0.884826397,-0.301044076,1.926316416,0.854505526,1.201341099,2.137987813,1
rep-3,01-3-024,01,0,1,0.884826397,0.779558033,3.018871561,1.177313627,1.971018889,1.889999655,1
rep-3,01-3-025,01,0,1,0.884826397,1.030488362,2.399288026,0.240430146,1.677870412,2.230264375,1
rep-3,01-3-026,01,0,1,0.884826397,0.278389416,1.709623593,1.131275596,2.118358331,2.116316544,1
rep-3,01-3-027,01,0,1,0.884826397,0.531509282,2.042890599,0.522861714,1.674947821,2.202322786,1
rep-3,01-3-028,01,0,1,0.884826397,0.673585038,1.731198002,0.972136404,1.303322620,1.534040944,1
rep-3,01-3-029,01,0,1,0.884826397,1.373967405,2.613358269,0.996825509,1.039739923,1.963729576,1
rep-3,01-3-030,01,0,1,0.884826397,-2.201872590,1.320439846,-0.231525852,-1.043752910,2.324561583,1
rep-3,01-3-031,01,0,1,0.884826397,0.716934738,2.593506920,1.052712591,1.032124480,2.142851278,1
rep-3,01-3-032,01,0,1,0.884826397,0.596786968,2.237304810,0.798545597,1.531928749,1.852423634,1
rep-3,01-3-033,01,0,1,0.884826397,1.604218725,2.131832451,1.180990080,1.425525295,2.323852168,1
rep-3,01-3-034,01,0,1,0.884826397,-0.981148845,1.262949358,0.305691009,0.366141740,2.265465570,1
rep-3,01-3-035,01,0,1,0.884826397,-1.568927186,1.527527453,0.229306868,-0.287761425,2.545931421,1
rep-3,01-3-036,01,0,1,0.884826397,-0.228273349,1.869126579,-0.031863326,1.615659208,1.782339843,1
rep-3,01-3-037,01,0,1,0.884826397,-1.342868547,1.240042869,0.093361028,0.398699120,2.035891085,1
rep-3,01-3-038,01,0,1,0.884826397,0.994525734,2.542166544,0.942642898,2.334673895,2.411498528,1
rep-3,01-3-039,01,0,1,0.884826397,-0.175531162,1.877385530,0.579481477,1.083322692,2.234097363,1
rep-4,01-4-000,01,0,1,0.967410821,-0.386373986,1.383101971,0.894041006,0.727954636,2.284517588,1
rep-4,01-4-001,01,0,1,0.967410821,-0.632859993,1.493067482,0.741817087,0.975307758,1.936098641,1
rep-4,01-4-002,01,0,1,0.967410821,1.386126531,2.265946655,0.240919825,1.476072400,2.240938205,1
rep-4,01-4-003,01,0,1,0.967410821,0.402172255,1.772284798,0.637127226,0.831065241,2.074025068,1
rep-4,01-4-004,01,0,1,0.967410821,-0.297107815,2.162732159,0.206452772,0.490601349,1.786641772,1
rep-4,01-4-005,01,0,1,0.967410821,-0.536015076,1.714776706,0.535606678,0.003292656,2.006108920,1
rep-4,01-4-006,01,0,1,0.967410821,0.374498694,2.636648520,0.739837073,1.366376826,2.370324751,1
rep-4,01-4-007,01,0,1,0.967410821,-0.586605547,1.614547677,0.398077113,0.918094261,2.020665877,1
rep-4,01-4-008,01,0,1,0.967410821,-0.611374741,1.520403305,0.551526124,0.529439339,2.450344114,1
rep-4,01-4-009,01,0,1,0.967410821,0.538471237,2.726968371,1.127955073,1.471868803,2.417244009,1
rep-4,01-4-010,01,0,1,0.967410821,-0.491490612,2.096298550,0.784631010,0.970585136,2.347257932,1
rep-4,01-4-011,01,0,1,0.967410821,2.312785933,3.049613845,1.356296159,2.193573184,2.369902525,1
rep-4,01-4-012,01,0,1,0.967410821,1.272351074,2.773514148,1.040840512,1.387101812,1.741920023,1
rep-4,01-4-013,01,0,1,0.967410821,-0.728282728,1.411476802,-0.182645498,-0.070074659,2.642586795,1
rep-4,01-4-014,01,0,1,0.967410821,-0.251506928,1.465436598,-0.082315854,1.052245459,2.135308224,1
rep-4,01-4-015,01,0,1,0.967410821,-0.330771183,1.876599640,0.686189867,0.846008881,2.400212306,1
rep-4,01-4-016,01,0,1,0.967410821,-0.461076843,2.033557944,0.881651997,0.993738068,1.960649394,1
rep-4,01-4-017,01,0,1,0.967410821,-0.356585854,2.095103594,0.199520857,0.677116341,1.881501097,1
rep-4,01-4-018,01,0,1,0.967410821,1.282579034,2.392179051,0.757298641,1.684023724,1.667833380,1
rep-4,01-4-019,01,0,1,0.967410821,1.442106134,3.024221924,1.653292570,1.798713136,2.436445276,1
rep-4,01-4-020,01,0,1,0.967410821,1.120939494,2.921033412,0.972558747,0.991568847,2.026204188,1
rep-4,01-4-021,01,0,1,0.967410821,0.414436269,2.343482448,0.500270067,1.237192983,1.597627328,1
rep-4,01-4-022,01,0,1,0.967410821,-0.177093652,2.211526899,0.235023866,0.879861030,1.830318874,1
rep-4,01-4-023,01,0,1,0.967410821,1.867332403,3.076855849,0.673052861,1.425733954,2.560465864,1
rep-4,01-4-024,01,0,1,0.967410821,0.727184988,2.720572928,0.940065128,1.332143718,2.011299975,1
rep-4,01-4-025,01,0,1,0.967410821,0.733949573,2.251902526,1.226548375,1.715441402,2.299247036,1
rep-4,01-4-026,01,0,1,0.967410821,0.092621160,2.083108332,0.703829557,1.046155309,1.806226847,1
rep-4,01-4-027,01,0,1,0.967410821,-2.543414808,1.302672198,-0.158494410,-0.206926931,1.639037409,1
rep-4,01-4-028,01,0,1,0.967410821,0.165827698,2.475789245,0.029954334,1.508107929,1.952488005,1
rep-4,01-4-029,01,0,1,0.967410821,-0.272674102,1.769967072,0.358076797,1.281668286,2.322182446,1
rep-4,01-4-030,01,0,1,0.967410821,-0.378911689,1.312287977,0.524821169,1.489386050,2.523470504,1
rep-4,01-4-031,01,0,1,0.967410821,0.326605217,2.090979252,0.792391012,1.171770055,1.938340245,1
rep-4,01-4-032,01,0,1,0.967410821,1.217302582,2.841730801,0.792525720,2.302375387,2.103896427,1
rep-4,01-4-033,01,0,1,0.967410821,-1.170006289,1.195913152,0.323146507,0.821204942,2.096180308,1
rep-4,01-4-034,01,0,1,0.967410821,0.152841407,2.251759080,-0.003809740,0.892916440,2.084294422,1
rep-4,01-4-035,01,0,1,0.967410821,-1.285100057,1.443660381,0.859230279,1.040652505,2.178885790,1
rep-4,01-4-036,01,0,1,0.967410821,-1.365470628,1.550404051,0.372185781,0.039859784,2.243234862,1
rep-4,01-4-037,01,0,1,0.967410821,0.517938677,1.872471810,1.347571386,1.270072985,2.421819823,1
rep-4,01-4-038,01,0,1,0.967410821,-1.105785293,1.954678393,0.187273529,0.758155856,1.780965089,1
rep-4,01-4-039,01,0,1,0.967410821,0.819812419,2.143910403,0.641443682,1.296170816,2.437086274,1
rep-1,11-1-000,11,1,1,0.811141813,-1.172665183,2.496593287,-0.063851751,1.449223037,2.654956345,1
rep-1,11-1-001,11,1,1,0.811141813,0.368797286,3.325120128,1.102667284,1.365238024,2.848397163,1
rep-1,11-1-002,11,1,1,0.811141813,-0.457365465,2.698792745,0.648090067,1.058770983,2.526999420,1
rep-1,11-1-003,11,1,1,0.811141813,-0.001994871,2.416655241,0.967474737,1.347998161,2.280896657,1
rep-1,11-1-004,11,1,1,0.811141813,-0.568159787,2.856834049,0.938326839,1.984300496,2.906191039,1
rep-1,11-1-005,11,1,1,0.811141813,-1.166176035,2.691151730,1.142578011,0.668351639,1.977130830,1
rep-1,11-1-006,11,1,1,0.811141813,-1.366555000,2.782738141,0.261141841,0.904858080,1.998330995,1
rep-1,11-1-007,11,1,1,0.811141813,-0.177795010,2.981348497,0.466087661,1.138141193,1.890571260,1
rep-1,11-1-008,11,1,1,0.811141813,-2.273446501,1.344124596,0.387004109,0.757680431,2.311857150,1
rep-1,11-1-009,11,1,1,0.811141813,0.984231278,2.689567882,0.923615834,1.550435179,2.414448597,1
rep-1,11-1-010,11,1,1,0.811141813,-1.004401993,2.260935115,0.616555846,0.240808757,2.241019365,1
rep-1,11-1-011,11,1,1,0.811141813,-1.214439132,2.771070114,0.388710850,0.908016090,2.371934226,1
rep-1,11-1-012,11,1,1,0.811141813,1.440079887,3.624887875,1.329100684,3.066463047,2.351516378,1
rep-1,11-1-013,11,1,1,0.811141813,1.694495053,3.306502872,1.399527310,2.848296669,2.263392021,1
rep-1,11-1-014,11,1,1,0.811141813,1.541276605,3.201560532,1.026958157,2.714865227,1.967419883,1
rep-1,11-1-015,11,1,1,0.811141813,0.179565890,3.124198998,0.683865675,2.199117716,2.478550338,1
rep-1,11-1-016,11,1,1,0.811141813,0.600823505,2.593209060,0.674314158,1.833032435,2.585882864,1
rep-1,11-1-017,11,1,1,0.811141813,-0.052550571,2.824687572,0.541269374,1.191836578,2.056589358,1
rep-1,11-1-018,11,1,1,0.811141813,0.513167215,2.663208303,0.844026237,1.822469467,2.220597331,1
rep-1,11-1-019,11,1,1,0.811141813,-0.908866163,2.909191928,0.493157819,0.435997642,2.194624903,1
rep-1,11-1-020,11,1,1,0.811141813,0.277284351,3.031080293,0.653662939,1.906850538,2.131560721,1
rep-1,11-1-021,11,1,1,0.811141813,-0.396657708,2.941351761,0.733621587,1.647887502,2.048073595,1
rep-1,11-1-022,11,1,1,0.811141813,0.350961221,3.347142962,0.407409252,2.552713130,2.507814332,1
rep-1,11-1-023,11,1,1,0.811141813,-0.933577025,2.724294647,0.740242776,1.260212112,2.086213514,1
rep-1,11-1-024,11,1,1,0.811141813,-1.835512662,1.746154067,0.859938809,0.884368443,2.089233256,1
rep-1,11-1-025,11,1,1,0.811141813,0.165422594,3.286830450,1.025639380,2.499187070,2.244740393,1
rep-1,11-1-026,11,1,1,0.811141813,-2.085729030,2.474827456,-0.328328012,0.429580690,2.538151403,1
rep-1,11-1-027,11,1,1,0.811141813,2.513249380,4.233358927,1.548537660,2.721620491,2.279781041,1
rep-1,11-1-028,11,1,1,0.811141813,-1.418457969,3.184480734,0.305209365,0.736554260,2.070307446,1
rep-1,11-1-029,11,1,1,0.811141813,1.039488831,3.216210695,1.123608337,2.132650144,2.613706032,1
rep-1,11-1-030,11,1,1,0.811141813,0.178145250,2.635064076,0.343278066,1.454236704,2.238824981,1
rep-1,11-1-031,11,1,1,0.811141813,0.208251475,3.514322212,0.485132931,2.120330513,2.735104246,1
rep-1,11-1-032,11,1,1,0.811141813,0.738434401,2.893044269,0.954666556,1.705618300,2.496183297,1
rep-1,11-1-033,11,1,1,0.811141813,1.299428045,3.220042453,0.949282790,1.755007082,2.242501479,1
rep-1,11-1-034,11,1,1,0.811141813,0.527577487,2.838041394,1.017206430,1.722422176,2.337139715,1
rep-1,11-1-035,11,1,1,0.811141813,-0.690681694,2.748994566,0.853936854,0.976500309,2.261305026,1
rep-1,11-1-036,11,1,1,0.811141813,1.729083995,4.338530884,1.566062384,1.846802051,2.368122584,1
rep-1,11-1-037,11,1,1,0.811141813,-1.625462577,2.766045998,0.702653234,0.579570449,1.919570800,1
rep-1,11-1-038,11,1,1,0.811141813,1.260561626,4.024797299,1.206495588,2.642920377,2.310953242,1
rep-1,11-1-039,11,1,1,0.811141813,0.390735804,3.264583023,0.550462188,1.391105555,2.340227884,1
rep-2,11-2-000,11,1,1,0.841281393,0.091113322,2.916965935,0.699481436,1.421177450,2.287467944,1
rep-2,11-2-001,11,1,1,0.841281393,-0.170009388,2.933761278,0.881223020,1.458697754,2.152696829,1
rep-2,11-2-002,11,1,1,0.841281393,-1.317509016,2.368201613,0.246583117,1.878504082,2.159549875,1
rep-2,11-2-003,11,1,1,0.841281393,-0.472180123,3.219649042,0.578627478,1.167396404,2.686473287,1
rep-2,11-2-004,11,1,1,0.841281393,-0.840814286,2.200429815,0.436262158,1.534085131,2.390321622,1
rep-2,11-2-005,11,1,1,0.841281393,0.683878491,3.557727522,1.085397722,2.085126088,2.743147714,1
rep-2,11-2-006,11,1,1,0.841281393,-0.882750268,2.674083310,0.418073232,1.283157034,2.552314185,1
rep-2,11-2-007,11,1,1,0.841281393,-0.841726618,2.885319189,0.261847774,0.937149521,2.737883517,1
rep-2,11-2-008,11,1,1,0.841281393,0.076511921,3.448931477,0.452383863,1.754135899,2.008050068,1
rep-2,11-2-009,11,1,1,0.841281393,1.986596657,3.831680125,1.630517736,2.231171946,2.348511644,1
rep-2,11-2-010,11,1,1,0.841281393,-1.228190389,2.900446988,0.110057432,1.308035790,1.911750853,1
rep-2,11-2-011,11,1,1,0.841281393,-0.817436216,2.258137248,0.037113478,1.554951994,2.243744758,1
rep-2,11-2-012,11,1,1,0.841281393,-0.281000802,2.251386137,0.709414315,1.742808784,2.458494113,1
rep-2,11-2-013,11,1,1,0.841281393,-0.269073022,3.015231642,0.824909737,1.310630004,2.588592757,1
rep-2,11-2-014,11,1,1,0.841281393,0.904891088,3.014796565,1.062854865,1.775886933,2.590226773,1
rep-2,11-2-015,11,1,1,0.841281393,-0.725484371,2.619691719,0.523598245,0.820516894,2.633864070,1
rep-2,11-2-016,11,1,1,0.841281393,0.595187570,3.171975666,0.698138704,2.345288544,2.363573943,1
rep-2,11-2-017,11,1,1,0.841281393,-0.609813566,2.577049191,1.077226574,1.614816360,1.962348491,1
rep-2,11-2-018,11,1,1,0.841281393,2.170010351,4.089824433,1.551049476,2.215924871,2.155775431,1
rep-2,11-2-019,11,1,1,0.841281393,0.557866423,3.110262506,0.433872519,1.761819738,2.894912691,1
rep-2,11-2-020,11,1,1,0.841281393,-0.148411572,3.085156115,0.647090008,1.442094177,2.492647955,1
rep-2,11-2-021,11,1,1,0.841281393,0.285350723,3.405434735,1.086712318,1.225508689,2.690450244,1
rep-2,11-2-022,11,1,1,0.841281393,1.716322488,3.182873578,1.352741362,2.015510700,2.285600481,1
rep-2,11-2-023,11,1,1,0.841281393,0.076252589,2.880902009,0.832697603,1.976719680,2.178368883,1
rep-2,11-2-024,11,1,1,0.841281393,1.183380372,3.338351679,0.988405915,1.073714584,2.609243214,1
rep-2,11-2-025,11,1,1,0.841281393,-0.981344097,2.691347476,-0.240955094,1.482148287,2.051946688,1
rep-2,11-2-026,11,1,1,0.841281393,-2.005807480,1.912860513,0.394610907,0.826341303,2.006900952,1
rep-2,11-2-027,11,1,1,0.841281393,-1.297159348,2.328478523,0.066243751,1.069193419,2.556743684,1
rep-2,11-2-028,11,1,1,0.841281393,0.038276958,3.404456186,0.646976294,1.386307033,1.952150825,1
rep-2,11-2-029,11,1,1,0.841281393,-0.867768497,2.945602903,0.409129823,0.902704209,1.927460459,1
rep-2,11-2-030,11,1,1,0.841281393,1.884250027,3.567495667,1.393550655,2.252591568,2.273257425,1
rep-2,11-2-031,11,1,1,0.841281393,-1.779832046,2.460558400,0.289171902,0.860121362,2.438057814,1
rep-2,11-2-032,11,1,1,0.841281393,1.829503629,3.869815629,1.393338423,2.411629452,2.269152184,1
rep-2,11-2-033,11,1,1,0.841281393,0.966265925,3.016112384,0.921366285,1.789914445,2.464712595,1
rep-2,11-2-034,11,1,1,0.841281393,-1.147647350,2.853303628,0.300571156,1.182188593,2.378932498,1
rep-2,11-2-035,11,1,1,0.841281393,1.315445474,3.559240387,1.184175391,2.076176252,2.416726081,1
rep-2,11-2-036,11,1,1,0.841281393,0.375674987,2.776249351,1.140074652,1.818558366,2.579848912,1
rep-2,11-2-037,11,1,1,0.841281393,2.030914895,4.290213821,1.431642257,2.146547392,2.755425377,1
rep-2,11-2-038,11,1,1,0.841281393,0.364174331,3.092083839,1.016721449,2.406181954,2.068730356,1
rep-2,11-2-039,11,1,1,0.841281393,-1.755159046,2.420114924,0.165650178,0.632148172,2.303854517,1
rep-3,11-3-000,11,1,1,0.840619804,-0.211763863,3.321429120,0.824841987,1.151134453,2.772469079,1
rep-3,11-3-001,11,1,1,0.840619804,-1.121313418,2.836810052,0.457352607,1.533613517,1.920884324,1
rep-3,11-3-002,11,1,1,0.840619804,-1.968841773,2.451241427,-0.184292389,0.707943370,2.439999731,1
rep-3,11-3-003,11,1,1,0.840619804,-0.544605873,2.393978371,0.305543035,1.375942529,2.388589441,1
rep-3,11-3-004,11,1,1,0.840619804,-0.629662421,2.561063061,0.372493221,1.692432068,2.314835628,1
rep-3,11-3-005,11,1,1,0.840619804,-0.717842152,2.745472803,0.962968832,0.503985155,2.326855875,1
rep-3,11-3-006,11,1,1,0.840619804,0.870893548,3.242062911,1.514505013,2.123746392,1.983361648,1
rep-3,11-3-007,11,1,1,0.840619804,0.974328351,3.100655332,0.972543502,1.152753154,2.267125218,1
rep-3,11-3-008,11,1,1,0.840619804,-1.425771699,2.403107186,0.765842617,0.725293702,2.781678286,1
rep-3,11-3-009,11,1,1,0.840619804,0.130560600,3.562774860,0.902919813,1.428671755,1.794914750,1
rep-3,11-3-010,11,1,1,0.840619804,-1.951873164,2.588872736,0.037122478,0.979791914,2.706025148,1
rep-3,11-3-011,11,1,1,0.840619804,0.799734793,3.211222352,0.953206084,2.102551744,2.097545924,1
rep-3,11-3-012,11,1,1,0.840619804,0.280421866,3.068457710,0.799053129,1.051756125,1.801179929,1
rep-3,11-3-013,11,1,1,0.840619804,-1.584741167,2.072145945,0.626317081,0.111300645,2.032132031,1
rep-3,11-3-014,11,1,1,0.840619804,-0.098677986,2.728906468,0.698524536,1.677537051,1.447173463,1
rep-3,11-3-015,11,1,1,0.840619804,-1.111197637,2.268796336,0.086183745,0.542252171,2.358560961,1
rep-3,11-3-016,11,1,1,0.840619804,0.617176988,4.450022880,1.458181644,1.375701584,2.413583219,1
rep-3,11-3-017,11,1,1,0.840619804,0.413115262,2.574449768,0.376047487,2.019237617,2.484550831,1
rep-3,11-3-018,11,1,1,0.840619804,-0.458920292,3.460006017,0.732956347,1.093405338,2.495909798,1
rep-3,11-3-019,11,1,1,0.840619804,0.213712053,2.909484159,0.773338741,1.666402854,2.211331214,1
rep-3,11-3-020,11,1,1,0.840619804,-0.349458622,2.999725144,0.632626679,1.007269057,2.387354413,1
rep-3,11-3-021,11,1,1,0.840619804,0.481642928,3.246733173,1.195152792,2.320977947,2.639777802,1
rep-3,11-3-022,11,1,1,0.840619804,-0.218728966,3.274833018,0.602872053,2.112585650,2.390903879,1
rep-3,11-3-023,11,1,1,0.840619804,0.485472903,2.980414628,0.894111215,2.369301753,2.364142201,1
rep-3,11-3-024,11,1,1,0.840619804,-1.906227702,2.606994238,-0.038012821,1.100877276,2.243235683,1
rep-3,11-3-025,11,1,1,0.840619804,-1.618123199,3.122418396,0.660158922,0.563718446,2.213740183,1
rep-3,11-3-026,11,1,1,0.840619804,-0.040129434,2.904560645,1.001576679,1.881093799,2.598433042,1
rep-3,11-3-027,11,1,1,0.840619804,-1.375443502,2.472568813,0.809288268,0.561825375,2.844010140,1
rep-3,11-3-028,11,1,1,0.840619804,0.036080748,3.395141767,1.071170756,1.323262878,2.514479967,1
rep-3,11-3-029,11,1,1,0.840619804,-0.544892704,2.216920593,0.902224318,1.897655342,2.316024519,1
rep-3,11-3-030,11,1,1,0.840619804,1.499879988,3.645842508,1.223706912,2.139787259,2.237105273,1
rep-3,11-3-031,11,1,1,0.840619804,0.484391318,3.336319770,1.109982799,1.562501391,2.579300710,1
rep-3,11-3-032,11,1,1,0.840619804,0.975623312,2.978025594,1.007278163,2.090284898,2.072814127,1
rep-3,11-3-033,11,1,1,0.840619804,-0.714010225,2.522801946,0.841688346,0.973695630,2.541528196,1
rep-3,11-3-034,11,1,1,0.840619804,-0.068201145,2.896101492,0.762487991,1.677699439,2.465737230,1
rep-3,11-3-035,11,1,1,0.840619804,-0.773976670,1.655908288,0.354498147,1.139927607,2.251006027,1
rep-3,11-3-036,11,1,1,0.840619804,-0.575945836,3.103849414,0.446827951,1.170697395,2.393230425,1
rep-3,11-3-037,11,1,1,0.840619804,-0.325513605,2.269793721,1.100613867,1.825940279,1.960995008,1
rep-3,11-3-038,11,1,1,0.840619804,0.339339295,3.218687284,0.859911719,1.472492599,2.535302662,1
rep-3,11-3-039,11,1,1,0.840619804,1.583621973,3.185556181,1.171725642,3.093455491,2.082893476,1
rep-4,11-4-000,11,1,1,0.842923355,-1.328470222,2.470102306,-0.187599069,1.018415259,2.475093172,1
rep-4,11-4-001,11,1,1,0.842923355,-1.091082261,2.644751508,0.566725834,0.888742214,2.104330737,1
rep-4,11-4-002,11,1,1,0.842923355,-0.495531134,2.368794974,0.101654558,0.758870342,2.428547895,1
rep-4,11-4-003,11,1,1,0.842923355,1.005759523,3.175898888,1.226550339,2.062531819,2.522110738,1
rep-4,11-4-004,11,1,1,0.842923355,-0.834076518,2.854085681,-0.162344241,0.798309355,2.099427603,1
rep-4,11-4-005,11,1,1,0.842923355,0.798912972,3.404206484,1.052138578,2.789716680,2.193651169,1
rep-4,11-4-006,11,1,1,0.842923355,0.379576230,3.537434741,1.263853082,2.226852576,2.687509065,1
rep-4,11-4-007,11,1,1,0.842923355,0.509993621,3.092307038,1.048408511,1.974260072,2.526085636,1
rep-4,11-4-008,11,1,1,0.842923355,1.984433948,3.508920154,1.018532818,2.490589943,2.476582859,1
rep-4,11-4-009,11,1,1,0.842923355,-0.073547741,2.817280389,0.922320217,1.346534679,1.736977708,1
rep-4,11-4-010,11,1,1,0.842923355,-1.947040996,1.614704624,-0.020528240,0.450375970,2.479905678,1
rep-4,11-4-011,11,1,1,0.842923355,-1.065759336,2.479515227,0.370682306,1.289488566,1.984137842,1
rep-4,11-4-012,11,1,1,0.842923355,1.948401905,4.342920931,1.358498661,2.096894489,2.160157329,1
rep-4,11-4-013,11,1,1,0.842923355,-1.861691790,1.876583376,0.482409419,0.385041549,1.932810701,1
rep-4,11-4-014,11,1,1,0.842923355,1.633557281,3.109640904,1.542423689,2.629930091,2.123136934,1
rep-4,11-4-015,11,1,1,0.842923355,0.709622106,2.976485083,0.709953502,1.915177121,1.984322453,1
rep-4,11-4-016,11,1,1,0.842923355,1.730505186,3.772760198,0.746334630,2.250798589,2.605901569,1
rep-4,11-4-017,11,1,1,0.842923355,-1.353713154,2.873921561,0.408795247,0.886380361,2.389678054,1
rep-4,11-4-018,11,1,1,0.842923355,-1.357246304,1.996406328,0.426715330,0.384171466,2.531772030,1
rep-4,11-4-019,11,1,1,0.842923355,0.351268131,2.482315858,1.030465656,1.648259813,2.135260180,1
rep-4,11-4-020,11,1,1,0.842923355,-0.699138665,2.460462655,-0.009698938,1.041155795,2.279594764,1
rep-4,11-4-021,11,1,1,0.842923355,1.523355247,3.411140969,1.035129014,2.297911245,2.396516270,1
rep-4,11-4-022,11,1,1,0.842923355,0.143402001,2.768663223,0.732590901,2.233436552,2.631383667,1
rep-4,11-4-023,11,1,1,0.842923355,1.376081086,4.358678885,0.952657891,2.152725073,2.537103469,1
rep-4,11-4-024,11,1,1,0.842923355,0.106301305,3.449914481,0.650767983,2.124856780,2.712991075,1
rep-4,11-4-025,11,1,1,0.842923355,0.557424962,3.484312179,1.373299412,1.425431852,2.438398423,1
rep-4,11-4-026,11,1,1,0.842923355,-0.919039521,2.668130183,0.630419021,0.341953493,2.279877656,1
rep-4,11-4-027,11,1,1,0.842923355,-0.652933478,2.380328197,0.898817543,1.175763772,2.228451682,1
rep-4,11-4-028,11,1,1,0.842923355,0.149340658,2.685601379,1.176646641,2.181630702,2.140330957,1
rep-4,11-4-029,11,1,1,0.842923355,-2.148291606,2.314535174,0.109860962,0.412969516,2.529281163,1
rep-4,11-4-030,11,1,1,0.842923355,-1.658871785,2.000731593,0.116184162,0.250635974,2.398586456,1
rep-4,11-4-031,11,1,1,0.842923355,-0.290254356,3.007853665,0.560632689,1.704759570,2.327076145,1
rep-4,11-4-032,11,1,1,0.842923355,-0.340673118,2.823323932,0.288653338,1.400471520,2.499455810,1
rep-4,11-4-033,11,1,1,0.842923355,-0.453765604,2.911407149,0.903826419,2.237202380,2.590585704,1
rep-4,11-4-034,11,1,1,0.842923355,-0.421771447,2.707795753,1.308903697,1.694504989,2.358760886,1
rep-4,11-4-035,11,1,1,0.842923355,0.521436177,3.801316847,0.585351126,1.424530755,2.450948088,1
rep-4,11-4-036,11,1,1,0.842923355,0.451634335,3.359032365,0.860648149,1.465793214,2.783916206,1
rep-4,11-4-037,11,1,1,0.842923355,0.866845837,3.251856704,1.028026852,2.139381246,2.005722255,1
rep-4,11-4-038,11,1,1,0.842923355,-0.450110391,3.078367159,0.706087927,1.433122550,2.445434428,1
rep-4,11-4-039,11,1,1,0.842923355,-0.653616142,2.116329316,0.525616439,0.889232547,2.604090262,1
